"","Row.names","logFC","AveExpr","t","P.Value","adj.P.Val","B","module","type"
"1","ABCC8",1.07576582510014,8.99910740519032,28.7192822496734,6.86554473090336e-154,3.17863341684918e-153,339.9035042339,6,"e"
"2","ACTL6B",3.48409301498984,7.73225538966246,64.3725659092777,0,0,1147.53175521212,1,"a"
"3","AGBL4",2.22784258192166,7.77192892062863,57.5100857533342,0,0,993.861768709831,32,"a"
"4","AMPD1",-1.7992485260372,7.4707399455571,-28.1538101598561,8.37056536694371e-149,3.70160093799411e-148,328.661995635122,4,"a"
"5","ANKS1B",1.01546383907574,9.12468137236841,31.775305441221,4.23428214744348e-182,2.38142848292459e-181,404.73671479958,37,"a"
"6","ARX",1.22981795698405,7.85765479581888,16.4451673590612,2.41313131246389e-57,5.15211220342609e-57,118.40358163904,5,"c"
"7","ASXL3",1.34036139850136,8.33569792013652,33.8166705617017,1.61561485725257e-201,1.0414501925982e-200,449.762389720531,41,"a"
"8","ATP1A3",1.41873273978078,9.16955966122886,43.4424099703176,8.92942073435258e-297,1.16013249230813e-295,668.763502260148,5,"c"
"9","ATP8A2",1.25974420668431,8.8925408612798,37.6302140271349,1.04858232399562e-238,9.01243064111103e-238,535.163011306994,42,"e"
"10","AVPR2",-1.304862235127,8.03922577614582,-37.9999282545192,2.3239838829503e-242,2.0718069084174e-241,543.815695578002,7,"e"
"11","BCL11A",1.19006762540038,8.63624616373167,27.173321391041,4.26085144474846e-140,1.7764146819399e-139,308.322171661029,19,"a"
"12","BDNF",1.20685161252035,8.2282692974594,29.4696811142423,1.04372848731792e-160,5.20621709745485e-160,355.900262955709,2,"e"
"13","CACNA1B",2.32820210450225,8.48135668937126,80.0659884270503,0,0,1479.00199742212,5,"a"
"14","CACNA1E",1.36596771745442,8.93288876364255,43.2523492077057,7.3189369819542e-295,9.22296118928965e-294,664.431544371653,5,"a"
"15","CACNA1G",1.67415293569246,8.54459351203743,41.1653175584078,6.76146889063401e-274,7.708994463063e-273,616.299570570903,5,"c"
"16","CACNG2",3.57463836887033,7.32114048049614,102.303206446686,0,0,1896.97242442316,5,"e"
"17","CADPS",1.90039540796956,8.68687523573902,47.0332298958992,0,0,752.336810261468,17,"a"
"18","CALN1",2.11909499221069,8.59930363608095,50.7724835193595,0,0,839.104133386881,53,"e"
"19","CDH10",3.03894337846308,7.90187727662265,68.3144729546051,0,0,1233.54521571498,1,"a"
"20","CDH22",1.71327033311697,8.53243389415099,37.1014581837658,1.71410350274975e-233,1.41519087222098e-232,523.303253839582,62,"a"
"21","CDH8",1.85942733284475,8.3479591088339,36.8026761895955,1.4888194762259e-230,1.16601001969841e-229,516.582042689417,1,"a"
"22","CDH9",2.69150831039166,6.90419558532841,38.3592295247854,6.42795166200668e-246,5.88702021066841e-245,552.245017430517,1,"a"
"23","CELF4",1.66799110378241,8.85754698522344,43.769822731389,4.4977966225971e-300,6.07927995118769e-299,676.497848737395,63,"c"
"24","CHRM3",1.136752415505,8.27041919883982,24.0197428477928,3.51437206552021e-113,1.22710157954414e-112,246.570128989664,6,"a"
"25","CHRNA2",1.81832778464418,7.59105663255654,32.5880027051389,8.80209464774698e-190,5.19447557381124e-189,422.952646088228,13,"e"
"26","CHRNA4",2.76427892230861,8.08404848605912,61.7800365336033,0,0,1089.97874504346,13,"e"
"27","CHRNB2",1.93484005830023,8.52002678893886,43.4818952837845,3.57433593394919e-297,4.71699765771562e-296,669.903280373198,13,"e"
"28","CHRNB3",1.78632687171324,6.29624738933621,31.6756622950472,3.6638177976307e-181,2.04005270060766e-180,403.30497367627,13,"c"
"29","CNTN2",1.50999393198444,9.04722259727296,40.1105840459963,2.40436508487114e-263,2.51857242640252e-262,591.875178932116,5,"e"
"30","CNTN3",1.37468021125537,8.51038838138422,33.6393589672337,8.13813643354713e-200,5.16648358432765e-199,445.784183947595,15,"a"
"31","CNTN5",2.47159615027908,7.50346553167912,60.1799802102062,0,0,1054.21613274319,15,"a"
"32","CNTN6",2.4398314930244,7.7564022881656,58.9718896397799,0,0,1026.96809513405,7,"a"
"33","CNTNAP2",2.34721058086709,8.47309942818247,51.5950827093052,0,0,858.152844984785,5,"c"
"34","CNTNAP4",2.20243267243394,8.53160420485542,49.8262098100908,0,0,817.202936290108,15,"a"
"35","CNTNAP5",3.25760447885698,7.03665049475349,112.859900638682,0,0,2075.27667360046,74,"a"
"36","COL2A1",1.46574082704824,7.45106856701767,34.1210042425263,1.90725661505697e-204,1.26847701858551e-203,456.72450452291,2,"e"
"37","CRB2",1.97412822981051,8.38322256320659,49.7966005129778,0,0,816.522037264432,12,"e"
"38","CRH",2.33151902351503,7.06408830436023,36.95858155802,4.3654276993071e-232,3.51752731924937e-231,520.392290955814,6,"e"
"39","CRHR1",2.24309292123755,8.08451699635252,52.5089201529986,0,0,879.29420359866,6,"e"
"40","CSMD1",1.69072903247602,8.58210475163826,57.2031877472559,0,0,986.738534157506,78,"a"
"41","CTNNA2",2.05459678473683,8.65912180337421,46.8322075032815,0,0,747.682820991185,1,"a"
"42","CTNND2",1.72755680131362,8.98895032319163,46.9512230169515,0,0,750.355654826873,1,"c"
"43","CUX2",1.62756158523897,8.31556952111658,41.5147795250407,2.1219264449051e-277,2.48695714801465e-276,624.415607005907,5,"a"
"44","DCX",2.94047356881835,7.69826608658389,70.0709013719013,0,0,1271.31726451171,3,"e"
"45","DDC",1.11817808564198,7.3311795371349,22.102733671571,9.42375858014133e-98,3.00270330424275e-97,211.338888108512,4,"a"
"46","DLGAP1",1.44246023198372,8.87091342475403,56.4887940816843,0,0,970.396207066137,8,"a"
"47","DLGAP2",2.04035580533862,8.20156501831993,41.288364610007,3.95275729846989e-275,4.53754878920242e-274,619.219032311022,8,"a"
"48","DLGAP3",1.31844728314064,8.93478223622215,37.0261908080516,9.43760762200387e-233,7.71581969486755e-232,521.450687383901,8,"a"
"49","DLX2",1.35751653143352,7.07423723552005,19.9712028799942,1.46272609650665e-81,4.05882274461118e-81,174.178393111544,84,"a"
"50","DLX6",1.27773704752524,7.48321015452221,19.5775008641225,1.08342720246424e-78,2.91464525093109e-78,167.510514097235,14,"a"
"51","DNER",1.35816576689855,9.06426372600749,42.3088838092272,2.26049914521336e-285,2.76539895429021e-284,642.547351160098,2,"a"
"52","DPP10",2.68840872056538,8.08978334501214,55.2891142007556,0,0,943.181125405499,5,"a"
"53","DPP4",-1.17484901863283,8.51840159651354,-44.9255962028754,1.00317777833883e-311,1.50118388972844e-310,703.302618129162,4,"a"
"54","DPP6",1.43944533473301,9.00927878288941,42.5535142731686,7.8574318634148e-288,9.68312926697295e-287,648.241535571704,5,"a"
"55","DPYS",1.43747470357014,7.34628695502182,28.4974277083354,6.8796725828361e-152,3.12475101594398e-151,335.824597343631,4,"e"
"56","DRD1",1.9558594542724,8.01278500348585,40.1121700548693,2.31826428983102e-263,2.44365468538162e-262,592.180326061,6,"a"
"57","DRD2",1.11112162395052,8.47559027798789,26.1191338662966,6.62151683340211e-131,2.64860673336084e-130,287.248219190307,6,"a"
"58","DSCAM",2.78251061305131,8.03625166613733,62.084691567751,0,0,1096.77784535464,2,"a"
"59","DYDC2",2.327431838848,6.85420037129404,36.9181312678725,1.09109367058754e-231,8.70796662811772e-231,519.50473867434,92,"a"
"60","ELAVL2",2.2921617504338,8.24267300147802,48.0537457283689,0,0,776.122544661884,16,"a"
"61","ELAVL3",2.30031508097478,8.69373781659991,97.0736492881847,0,0,1804.08280095125,2,"a"
"62","ELOVL2",1.31318589069037,8.73069195466022,32.3523604798221,1.51003034281708e-187,8.72693398124627e-187,417.482502103584,95,"a"
"63","ELOVL4",1.06293625511374,8.84760980714469,36.8867187910946,2.22198681970681e-231,1.75662731595689e-230,518.283408321153,96,"e"
"64","EMX2",1.04113071402802,8.6154254119797,21.5870727855271,9.74347954579504e-94,2.96910394886409e-93,201.721236920456,1,"e"
"65","EPHA5",2.2016886895255,8.00972629882223,46.779852667098,0,0,746.575805198828,2,"e"
"66","ERBB4",1.16300011660023,8.92867719781146,29.3736099177969,7.86528823041152e-160,3.88856137881112e-159,353.619074019588,2,"e"
"67","ERMN",1.0500507993724,9.22142976734138,32.5544525051984,1.83253406776982e-189,1.07389059356022e-188,421.62088067808,100,"a"
"68","FAM92B",1.54176765404101,6.66878960891496,25.9658240148922,1.3874012620537e-129,5.47125768282825e-129,284.625844290116,103,"a"
"69","FEZF2",3.04631913134522,6.93539213210234,43.4661166767644,5.15339099042927e-297,6.74772132809333e-296,669.833381419004,5,"a"
"70","FGF12",1.35531580912556,8.83545180519929,36.9121143248967,1.25034918889045e-231,9.93168360464644e-231,518.909657819458,5,"e"
"71","FGFR2",1.17774801422858,9.08014911409247,38.9901763912492,3.50635099756488e-252,3.39690420342124e-251,566.096334642734,2,"e"
"72","FGFR3",1.0004307361417,9.25545508785516,39.6058317554769,2.60962840894447e-258,2.65074982629754e-257,580.060679496575,2,"e"
"73","FMN2",1.63703979099632,8.77342287156068,38.3610577858208,6.16525461395077e-246,5.67745424889093e-245,551.892766815142,110,"e"
"74","FOLR1",1.10914070784128,7.71356679224717,25.851816732798,1.3246579816159e-128,5.21156520466723e-128,282.196547853664,5,"e"
"75","FOXG1",2.29405636696601,7.58165953404671,29.021802466833,1.25082178369559e-156,5.97258492727582e-156,346.675976051156,1,"c"
"76","FRMPD4",2.18523457286632,8.21243029997308,46.5909959532016,0,0,742.146651188836,6,"a"
"77","FRRS1L",2.11572171012684,8.62103435254525,45.2918264614696,2.027263616364e-315,3.14601279726465e-314,711.907215458378,3,"e"
"78","FSTL5",2.38519134369991,8.20011334156777,45.3885018338891,2.14552818905952e-316,3.39236343855071e-315,714.222642820131,111,"e"
"79","GABBR2",2.14755748728776,8.53770795982379,44.969331378687,3.63271596005222e-312,5.48507382797057e-311,704.430085258549,6,"c"
"80","GABRA1",3.16260246339589,7.99446643218718,54.6506758036542,0,0,928.586857510321,17,"e"
"81","GABRA3",2.97714101889195,7.78793977631173,63.5488725729124,0,0,1129.3237480473,17,"a"
"82","GABRA4",2.4772507287909,8.11310269854783,45.0907715607246,2.16383093687713e-313,3.32713821119637e-312,707.324636261242,17,"a"
"83","GABRA6",2.40373059463055,7.27304314392666,46.1420004563138,0,0,731.898365200643,17,"e"
"84","GABRB1",3.04920730713014,7.36025744986871,92.4582193578869,0,0,1719.30901436357,17,"e"
"85","GABRB2",1.70128797873539,8.690684693046,35.028568828248,3.18976051863832e-213,2.26527060560925e-212,476.620050334103,17,"e"
"86","GABRB3",1.50443083575288,8.84330672174349,38.1028705165062,2.22564882891563e-243,2.00547711680785e-242,545.972952604862,17,"c"
"87","GABRD",1.73521023821585,8.69172916129564,37.403633682248,1.80535464146964e-236,1.51288718955156e-235,530.127747935078,17,"e"
"88","GABRG2",3.27568697267667,7.93769423861575,59.2972057776451,0,0,1034.30158735512,17,"e"
"89","GABRG3",3.0879684038311,7.49467252845178,67.4047138665275,0,0,1213.87603690932,17,"a"
"90","GAD1",1.90156594211879,8.67280222525011,44.714054413429,1.3644129860287e-309,1.98848362137747e-308,698.465900190422,4,"e"
"91","GALNT13",2.29395013580465,8.35511274598019,52.7798558886995,0,0,885.503132349538,18,"a"
"92","GATA6",-1.17282315739598,7.95051806041557,-32.2917090927481,5.66487804378162e-187,3.26265828226048e-186,416.385417491152,1,"e"
"93","GCK",1.48900292336685,8.354008512481,45.8716245596842,2.86558074587923e-321,4.70844560486708e-320,725.395378402634,16,"e"
"94","GFAP",1.21717447192545,9.60578443379374,46.1996173751722,0,0,732.443598287671,2,"e"
"95","GJD2",2.99499236430298,7.14559893336201,79.8172404250946,0,0,1474.01191218358,2,"e"
"96","GLIS1",1.3029778171639,8.17755935278616,37.0098737180344,1.3659041903633e-232,1.111289040315e-231,521.328462340233,117,"a"
"97","GLRA1",1.63750891626168,6.54808965172805,32.5522792903871,1.92166138294439e-189,1.12219668216544e-188,422.327579962735,17,"e"
"98","GLRA2",3.02461003947639,7.53606509868007,72.5376043384313,0,0,1323.73198079067,17,"a"
"99","GPR37",1.752712331822,8.5833932671984,38.0105382354949,1.82496917343933e-242,1.6356408206868e-241,543.949578337717,6,"a"
"100","GPR85",1.64620763495417,8.57231083928416,46.464530769996,0,0,739.123572716348,121,"a"
"101","GRIA1",1.54474271306365,8.88764355215812,38.8606750820675,6.7898482467957e-251,6.54010670208597e-250,563.266131834653,8,"a"
"102","GRIA2",1.57074339080785,8.97777587640387,41.0591913782009,7.8208496775203e-273,8.79714366411008e-272,613.747057196805,8,"a"
"103","GRIA3",1.59389920924984,8.79584049207495,39.1136138796263,2.07696336300611e-253,2.03566701543757e-252,569.082691357412,8,"e"
"104","GRID1",1.06815634503028,8.92409859499805,29.2678251640382,7.2462224843636e-159,3.5201938793604e-158,351.383544657132,8,"a"
"105","GRID2",2.72129696224089,7.85702673683827,66.0103017873483,0,0,1183.46521445843,8,"a"
"106","GRID2IP",1.75286482207496,7.62046874565234,46.9936638926518,0,0,751.630794339645,8,"a"
"107","GRIK1",1.792424827001,8.35721214116737,50.6518710876044,0,0,836.330045574275,8,"e"
"108","GRIK2",1.21735656844629,8.90674766092712,28.5908947230162,9.8955849159939e-153,4.54383570389199e-152,337.303013539651,8,"c"
"109","GRIK3",1.18573481971509,8.83460014035789,30.8306275597383,2.93442402133538e-173,1.57631239094811e-172,384.55290312473,8,"a"
"110","GRIK4",1.34178833867704,8.64983525589842,41.0435771596414,1.12112791625592e-272,1.25267359176328e-271,613.442019655523,8,"a"
"111","GRIN1",2.40756617021462,8.68957924318197,52.2135946303928,0,0,872.41469281713,8,"c"
"112","GRIN2A",1.86282669596957,8.58390139166546,41.9972121320609,3.05555986199397e-282,3.6579416633585e-281,635.516472692408,8,"c"
"113","GRIN2B",2.10842134104936,8.44163084078598,45.5698352376559,3.1761899361067e-318,5.11855220518229e-317,718.387170666783,8,"c"
"114","GRM1",2.42841787545796,8.0912628129565,51.4654212840423,0,0,855.208100235792,8,"e"
"115","GRM5",3.13338336639928,7.46701075303326,77.2895586148762,0,0,1422.58596261901,8,"a"
"116","GRM7",2.88530377143212,7.66643029890167,71.7867616816838,0,0,1307.85121323094,6,"a"
"117","HCN1",1.25867004539221,8.5621859735631,25.1101526701096,2.75873945150005e-122,1.03206413408797e-121,267.389914675344,5,"c"
"118","HCN2",1.49396691392047,9.01737581232299,81.7739193925157,0,0,1513.16249695811,5,"e"
"119","HCN4",2.83809557303627,7.44299211638844,81.5841713013142,0,0,1509.50380302781,5,"e"
"120","HEPACAM",2.20104452504495,8.52998556042781,43.6692089379473,4.64068265535626e-299,6.22222730430167e-298,674.263633657643,17,"c"
"121","HOXA1",-2.37365692927823,6.94926701946927,-60.8278356753138,0,0,1068.77875132309,1,"a"
"122","HOXD1",1.17374912390403,7.72875901319509,24.1162596703914,5.61216917917374e-114,1.97190682270339e-113,248.556783204346,1,"e"
"123","HOXD10",-1.84516568849024,6.32052913375431,-32.797139541823,9.05574813165037e-192,5.42051209594501e-191,427.682256139985,12,"e"
"124","HOXD11",-1.38090127887741,5.84966964196527,-28.7821267733757,1.85621192220526e-154,8.64169772671114e-154,341.899985495574,12,"e"
"125","HOXD4",-2.25611094923021,6.61165038920373,-36.1519801898283,3.58104544180663e-224,2.72810552748541e-223,502.206901192586,1,"e"
"126","HOXD8",-2.26695696327671,7.06272521850974,-35.0010541442224,5.89917479221141e-213,4.17173711044149e-212,476.331929388155,1,"e"
"127","HOXD9",-2.27730440932874,6.92501630763163,-38.7091037476482,2.17392446374604e-249,2.07016897797634e-248,560.196101328036,1,"e"
"128","HS3ST5",1.32380594420043,8.35583313371315,33.0479890185012,3.69196532817416e-194,2.23383894946567e-193,432.820809327871,2,"a"
"129","HTR1A",2.23035904561158,6.40116635907354,39.3442479967957,1.05275137398737e-255,1.05653371425319e-254,574.8128034374,6,"e"
"130","HTR1B",1.47998125467037,7.34482610375232,30.1703154808698,3.85274238359432e-167,2.01158761211965e-166,370.910337110392,6,"a"
"131","HTR2A",1.53161041088963,8.20150773060574,37.5648296790035,4.63578413332561e-238,3.96406847319068e-237,533.902078370685,6,"e"
"132","HTR3A",1.01181744142985,7.18992071875395,16.29640811367,2.12255507721265e-56,4.49166958258637e-56,116.380010936089,8,"a"
"133","HYDIN",1.4181697781856,8.50916426406758,40.5529013681288,9.13538294135220e-268,9.9421440322768e-267,602.181819480199,2,"a"
"134","IL1R2",-1.13944364911633,8.40033753080253,-24.1834175179821,1.5620149464838e-114,5.51144642169864e-114,249.559322319899,14,"a"
"135","IL1RAPL1",1.69762928417002,7.83082779362453,40.1429278275112,1.14289428961177e-263,1.21233596796793e-262,592.938565479036,8,"c"
"136","IL1RAPL2",1.00309414177939,6.55438433573307,17.2693890889253,1.07714120273319e-62,2.45952132940166e-62,130.918890142202,8,"a"
"137","KCNA1",2.20331769848734,8.32448561048303,40.5677457482149,6.490304290839e-268,7.10964051728507e-267,602.595226169212,5,"e"
"138","KCNC1",1.65016027823595,8.72799940011113,38.4835855278379,3.75922213873783e-247,3.51980799135452e-246,554.697653236519,5,"c"
"139","KCND2",1.92961639545211,8.48181108814172,45.3121148689533,1.26537929205331e-315,1.98203335854616e-314,712.384903838199,5,"c"
"140","KCNH1",1.37568985037129,8.36279390632722,34.7829992684541,7.6734215197605e-211,5.33637114818199e-210,471.208576076865,5,"e"
"141","KCNH5",2.76174433310815,7.08617850771811,49.1636886919011,0,0,802.075424747715,5,"e"
"142","KCNJ10",1.45106671172584,9.02872050113798,39.5627979272464,7.00560983916055e-258,7.07313378941751e-257,579.291315023447,6,"c"
"143","KCNJ15",-1.25525973856372,8.19673281852479,-29.4191569617197,3.02011384022392e-160,1.49754757284476e-159,354.794175591128,6,"a"
"144","KCNJ6",2.40644561400484,8.12052284501477,46.2588531817897,0,0,734.453075069384,6,"e"
"145","KCNQ2",2.14548597593058,8.79328133200673,50.5458967025295,0,0,833.835805374807,5,"c"
"146","KCNQ3",1.23903908859403,8.90962675340208,32.3936749323242,6.13248613500878e-188,3.55641756480094e-187,418.313978233974,5,"c"
"147","KHDRBS2",1.48124912805012,8.11905747467423,39.6319878557928,1.43177902361665e-258,1.46320831925702e-257,581.136049382004,136,"a"
"148","KIF1A",1.16488708489764,9.44364191795528,41.0369207267913,1.3071569040026e-272,1.4508575967605e-271,612.922136347245,3,"e"
"149","KIRREL3",1.74380225148511,8.64765099770027,46.5033807294457,0,0,740.019607148447,22,"a"
"150","LAMA1",1.26537812487333,8.40956183798463,29.3430909101362,1.49312738889642e-159,7.3386554363355e-159,353.17234826155,2,"a"
"151","LEP",-1.67977495131539,7.6988905941123,-38.3145219546051,1.78303583128461e-245,1.62411307240924e-244,551.056109764405,1,"a"
"152","LGI1",1.39701459398172,8.85115049348857,32.1259611836582,2.09152816430624e-185,1.19638266326869e-184,412.532013056878,5,"e"
"153","LRFN2",1.9581411605165,8.00528619083388,48.9190216595527,0,0,796.251141901204,8,"a"
"154","LRFN5",1.62808748114445,8.39295159695657,38.2969355269592,2.66335332688307e-245,2.41285414911137e-244,550.509392374473,8,"c"
"155","LRP2",2.37295210502596,8.05570148005684,54.1024334123724,0,0,915.971645188316,7,"c"
"156","MAGEL2",1.94283078103085,7.98809812005439,43.5687656762385,4.76765305451547e-298,6.34173533283168e-297,672.030059262042,16,"c"
"157","MAPK10",1.02320224439701,9.16379886763895,37.411712243149,1.50276039469383e-236,1.26564141784265e-235,530.034649472295,2,"e"
"158","MDGA2",3.2175170266551,7.33787209532831,106.661300828744,0,0,1972.08528059435,15,"a"
"159","MEGF10",1.2185462979441,8.86096655329871,34.4451970165612,1.42190794004181e-207,9.68747035573203e-207,463.517368316211,146,"a"
"160","MEGF11",1.12059915727986,8.84788365123264,35.4490077862915,2.60809972502142e-217,1.90881010442615e-216,485.908611638332,147,"a"
"161","MLC1",1.46451097134111,9.13157218826269,40.154546188443,8.74928589665385e-264,9.34000201451711e-263,592.837404665878,6,"e"
"162","MUC12",1.00826281875068,7.82169864716622,21.3979876138899,2.78989763506761e-92,8.42498817364561e-92,198.6614906312,18,"a"
"163","MYH4",-1.03759949426002,6.05897678506251,-16.6617513434991,9.90795297468562e-59,2.16784976312965e-58,121.869741681376,2,"a"
"164","MYO16",1.33080420859737,8.41224228723287,44.8182147299433,1.21464578434197e-310,1.78574239873433e-309,700.912508068709,158,"a"
"165","MYT1L",2.52137977756307,8.36369137969401,50.912533108433,0,0,842.39480397229,5,"c"
"166","NALCN",1.50569900049845,8.78143565269217,37.8047456020409,1.97868289746475e-240,1.73626834353451e-239,539.201519057592,23,"e"
"167","NCKAP5",1.16237347443883,8.51518352612494,33.2335523998529,6.24749852481626e-196,3.86376661534762e-195,436.837175616498,164,"c"
"168","NDP",2.29063733037902,8.30559384735121,48.6957732708792,0,0,791.018095749942,165,"e"
"169","NELL1",2.66341572675317,7.65312675163532,60.9112540396597,0,0,1070.60358553618,166,"e"
"170","NKAIN3",1.43541314789384,7.44716939811893,27.3767472514288,6.84205195970363e-142,2.89577754658164e-141,312.809440023335,168,"e"
"171","NLGN1",1.29744548470707,8.66513332869971,34.5225911722524,2.54078410674575e-208,1.74522711594503e-207,465.307418819536,8,"c"
"172","NLGN4X",1.33133766851575,8.76654015990799,34.2465264354401,1.1762698684923e-205,7.88571319837238e-205,459.147872325256,8,"a"
"173","NRCAM",1.07260711258027,9.24049394834741,39.175614365736,5.01956509103485e-254,4.97798289501445e-253,570.236337371221,5,"a"
"174","NRG3",2.54432937100322,8.0498593764839,55.2605751948376,0,0,942.527498758224,2,"e"
"175","NRXN1",1.14485095308431,9.09124531198098,33.5336986303981,8.38576290961852e-199,5.28366114154911e-198,443.225459517973,8,"c"
"176","NRXN3",1.00885735077699,9.10840205138334,31.4775222466956,2.65626544639434e-179,1.46927422051383e-178,398.30603974596,8,"a"
"177","NTNG1",1.5717197412575,8.42801262826564,38.3980987795624,2.64708949057882e-246,2.45111711945309e-245,552.806889370715,15,"a"
"178","NXPH1",3.63854730952101,7.51637794675723,83.3557721666583,0,0,1544.68890214925,8,"a"
"179","OPRM1",2.36134609428914,6.5303662097633,46.0006522495304,1.38338380835549e-322,2.2974052531618e-321,728.689766161496,6,"e"
"180","OTX2",2.13128675985767,6.64920100705862,33.3418928465515,5.75332585978117e-197,3.58460005241385e-196,439.632567195781,1,"e"
"181","PAH",1.92191408985437,7.90150599045061,51.4744772478062,0,0,855.457266378595,4,"a"
"182","PCDH10",1.60299893409207,8.75808837790656,35.3645778357253,1.73053543267981e-216,1.2555746256153e-215,484.111999455736,8,"a"
"183","PCDH11X",2.1476369839361,7.78637712940849,43.8935672647276,2.54807951065746e-301,3.50047644250976e-300,679.6076090511,176,"a"
"184","PCDH15",3.05015112466884,7.73601314234051,73.9666530894432,0,0,1353.74425662729,3,"c"
"185","PCDH19",1.07154425648109,8.59085283814876,24.0716588176946,1.31076503987129e-113,4.59590419837716e-113,247.418050710556,5,"c"
"186","PCDH7",1.01035453936493,8.82164778841032,26.4202855054923,1.63662846993738e-133,6.65774105731808e-133,293.086399943814,178,"e"
"187","PCDHA1",2.95796079170414,7.69411975047626,78.5544912812974,0,0,1448.42420606075,180,"a"
"188","PCDHA10",1.74786848142335,8.30671939075189,44.2605587433688,5.09899403555402e-305,7.24230000304114e-304,687.996070866439,11,"a"
"189","PCDHA11",2.33535968140961,7.74949453317884,53.4642257414394,0,0,901.361441694339,11,"a"
"190","PCDHA12",1.9119303397586,7.52755251556316,32.084738461961,5.12645918408908e-185,2.92243047365078e-184,412.000927425474,11,"a"
"191","PCDHA13",2.46359066106,7.57138104966056,49.8332391568955,0,0,817.531789515338,181,"a"
"192","PCDHA2",2.27717675397478,7.75575467271747,50.6486859817511,0,0,836.384329166269,1,"a"
"193","PCDHA3",1.8873750539861,8.08601462148882,43.8017097705515,2.14655257182945e-300,2.9248960247042e-299,677.407001957258,11,"a"
"194","PCDHA4",2.14818211249615,7.86101165455168,48.4460187226593,0,0,785.304742931858,11,"a"
"195","PCDHA5",2.57259375771222,7.66023211067935,63.8504701461358,0,0,1136.0083578352,182,"a"
"196","PCDHA6",2.4032785669814,7.82875448408442,50.8622530060768,0,0,841.310292875493,11,"a"
"197","PCDHA7",2.05973312887795,7.72180532385456,43.2581414915582,6.39936651474419e-295,8.12525627175095e-294,664.891750104176,11,"a"
"198","PCDHA8",2.54050300112661,7.3053388141612,50.052151890184,0,0,822.64269827584,183,"a"
"199","PCDHA9",2.2186227574889,7.24192885896612,44.5428343356043,7.27050890557236e-308,1.05046318325339e-306,694.768673816122,11,"a"
"200","PCDHAC1",2.24257314369278,7.58031523644128,49.804373435474,0,0,816.863067097818,184,"a"
"201","PCDHAC2",1.98376479791525,8.27752593691619,44.920500304253,1.1292189030711e-311,1.67484148809482e-310,703.325404317647,185,"a"
"202","PCDHGA3",1.14176067101705,8.60200589980367,28.5688831343256,1.5626965568029e-152,7.13645621035877e-152,336.943923420005,193,"e"
"203","PCDHGA9",1.03556819313329,8.67870439444525,29.5085752882096,4.60404448752545e-161,2.31029298236307e-160,356.531807359783,199,"e"
"204","PCDHGB1",1.47234809070611,8.27296020138061,37.3216213168955,1.16193494469248e-235,9.68857197663982e-235,528.359326439768,25,"e"
"205","PCDHGC4",1.54493772357412,8.4562317042093,36.5658416369011,3.15134625408413e-228,2.44521126011343e-227,511.194319492633,206,"e"
"206","PCDHGC5",1.23130441532242,8.63871909117872,29.4422216000597,1.85958599310702e-160,9.24826743159457e-160,355.166601822909,207,"e"
"207","PCLO",1.59904155009202,8.83812370956788,63.8975507930391,0,0,1136.86189479535,6,"e"
"208","PDE10A",1.04167331269258,8.82189278241953,27.1955327688201,2.71580020867947e-140,1.1379202874367e-139,308.688447190465,4,"e"
"209","PDYN",2.8630785113258,7.44274860103681,50.3098831297479,0,0,828.590501298589,6,"e"
"210","PITX1",-1.47321167178044,7.88615978721953,-34.2569291580455,9.33634412804319e-206,6.28422199140578e-205,459.608351813655,213,"a"
"211","PON1",1.35210052719378,7.73216806810456,35.9642893864042,2.45209081581614e-222,1.85121811139993e-221,497.84025885775,2,"a"
"212","POU3F3",3.10072052708672,8.12174453321818,67.7367658932548,0,0,1221.03506897856,5,"a"
"213","PPP1R1B",1.13702523023227,9.25397611963717,38.8479444850142,9.08528298402931e-251,8.70110530356178e-250,562.746640394621,3,"a"
"214","PTCHD1",1.43315320835839,8.63732251550108,36.4543223966402,3.91179775631721e-227,3.02127789842748e-226,508.623936990668,8,"a"
"215","PTPRT",2.5967789582069,8.12652388488664,53.0131495952616,0,0,890.918413828174,221,"a"
"216","PYHIN1",-1.50766667809539,7.82752517593836,-33.3915433986144,1.92697837060133e-197,1.20508050340591e-196,440.486105221791,223,"a"
"217","RAB39B",1.24012918463912,8.76850199682887,35.9359840564586,4.63600373839966e-222,3.48427904285105e-221,496.884075643427,5,"c"
"218","RAPSN",-1.49796930150433,8.26230458839692,-39.1404129645416,1.12424128425621e-253,1.10836964259613e-252,569.767634918547,2,"e"
"219","RBFOX3",1.15273453253509,9.07419264214863,35.2442641080515,2.56116718850943e-215,1.82660264167736e-214,481.238056776322,2,"e"
"220","RGS7",2.48688579305815,8.26544667951331,53.3921526247796,0,0,899.62174412936,6,"a"
"221","RIMS1",1.8751021472491,8.67990642363046,43.2912557378461,2.97005719357514e-295,3.82908912033225e-294,665.456618339036,7,"a"
"222","RIT2",3.54486798771402,7.51576820285393,87.933960849538,0,0,1633.80010655169,2,"a"
"223","ROBO2",2.0088411570889,8.35495179042665,47.4550930906717,0,0,762.190674211087,2,"a"
"224","RORB",1.47210187706859,8.58994113316471,34.1741875164783,5.86055395675398e-205,3.91326232331461e-204,457.601754148881,1,"c"
"225","SCN1A",2.90812046636479,8.08372931130002,63.1664185216411,0,0,1120.82481368632,5,"c"
"226","SCN2A",1.73449928797899,8.82051509781726,41.3474821541534,1.00992506008071e-275,1.16733406944502e-274,620.455450217162,5,"c"
"227","SCN8A",1.00814341491167,9.07433730600381,36.6648711570716,3.36103400980486e-229,2.62004325601532e-228,513.153406116191,5,"c"
"228","SEMA5B",1.23847580107373,8.52744324601135,28.3119588824787,3.19835596173349e-150,1.42565015741099e-149,331.659723797807,2,"e"
"229","SEZ6",2.14787115488802,8.5200222652415,47.6608224549701,0,0,766.953713768406,238,"e"
"230","SEZ6L2",1.21645663961906,9.07961558895736,38.417127516366,1.71440552336092e-246,1.59630203175161e-245,553.011024891431,2,"a"
"231","SHANK1",1.70137296360452,8.73894373306813,41.5371659941565,1.26530323467154e-277,1.4934142403588e-276,624.846755847731,8,"c"
"232","SHANK2",1.80624767574861,8.60030093817392,43.9876127502826,2.87426862510651e-302,3.98121836006488e-301,681.610976526396,8,"a"
"233","SHOX",-1.53600192945739,6.32819575363086,-27.8732330196022,2.68617991651001e-146,1.16633096893025e-145,323.078572359897,241,"a"
"234","SLC12A5",1.87544121086501,8.83110205763995,46.3519646967494,0,0,736.481777600737,17,"c"
"235","SLC13A5",1.75851835390908,8.27421839009371,49.7276292867482,0,0,814.939464493116,243,"e"
"236","SLC1A2",1.31432372508302,9.35381589310992,44.256730340018,5.57284636160023e-305,7.84881554793443e-304,687.545123618313,8,"c"
"237","SLC22A9",1.72189527865709,6.22797147349368,29.3433526910136,1.48494212185139e-159,7.31989116536158e-159,353.605670184804,247,"a"
"238","SLC24A2",2.28459605310344,8.54496082400907,51.2385140889175,0,0,849.900466619721,17,"a"
"239","SLC30A3",1.37217001849462,7.88081395225055,27.4672869273112,1.08270271030342e-142,4.60560848342266e-142,314.553956507505,7,"e"
"240","SLC4A10",2.10764844972921,8.44463965650059,44.3385031716277,8.35073560435915e-306,1.1962250318723e-304,689.794124022781,261,"c"
"241","SLC6A1",1.14545137945891,9.20387189733185,33.7406950113221,8.67038755071884e-201,5.56765116283708e-200,447.744655692958,17,"c"
"242","SLC7A11",1.07056827228747,8.99039555886175,37.0273881421945,9.18501070415164e-233,7.54611663733243e-232,521.407136400031,8,"e"
"243","SLC7A3",1.5386798905035,7.12731670730374,27.0541705584289,4.75809483402711e-139,1.97880072998249e-138,306.329205226355,263,"a"
"244","SLITRK5",1.14445460526942,8.88518327238945,31.6859607408126,2.93173924610971e-181,1.63786499215996e-180,402.935904468045,8,"a"
"245","SNAP25",1.57505718521393,9.23238562703448,46.9151939010841,0,0,749.417634606148,7,"c"
"246","SOX2",1.76879666603027,8.73665414598778,39.0427937976716,1.05129383680169e-252,1.02440027353467e-251,567.492693816344,1,"e"
"247","ST8SIA2",1.43062126197076,7.74007670635695,29.9721652598747,2.57863843849635e-165,1.33388827867898e-164,366.629615384891,7,"c"
"248","SYT1",1.30970312051774,9.1464969645086,37.9435931651263,8.38549135280001e-242,7.43602301973164e-241,542.207581738903,7,"a"
"249","SYT14",1.76389015244662,8.44164599059292,40.8327038638067,1.4493237986632e-270,1.59807018852601e-269,608.656883878211,7,"e"
"250","TBR1",2.4570227543868,7.1504559237627,42.6713570758054,5.13254259265656e-289,6.41950849648686e-288,651.398279375547,5,"a"
"251","TDO2",1.10878761882163,6.9441151005106,18.6632265615882,3.50071842444794e-72,8.88970315056781e-72,152.65165453726,4,"a"
"252","TENM2",1.20833329375799,8.67822463429047,28.9104087814761,1.28053819191901e-155,6.07983572140583e-155,344.020325445665,283,"e"
"253","TM4SF19",-1.63798816370697,6.74516403851664,-29.8001285495232,9.82686102550694e-164,5.00602403609411e-163,363.136976073517,285,"a"
"254","TRPM1",1.45912420740688,6.78167616236835,25.1704488458688,8.52539242307194e-123,3.23270536223271e-122,269.000557191471,293,"c"
"255","TTR",1.3195031934105,7.88933012476745,24.9217350895122,1.07170053399462e-120,3.94762658236259e-120,263.965342820755,13,"e"
"256","TUBB3",1.46824640190859,9.00515586357801,39.9591317008979,7.81524738926668e-262,8.08540408914257e-261,588.400131178877,3,"e"
"257","UNC13A",1.75534468409596,8.86812846604314,45.6213997892652,9.58516996870769e-319,1.55968372308925e-317,719.489820932954,7,"a"
"258","UNC79",1.19725946953582,8.89619929842812,33.8847509905109,3.58128955663985e-202,2.31746768221173e-201,451.068669741646,23,"a"
"259","UNC80",2.24587802659153,8.56121886283704,50.961919594155,0,0,843.499551659209,23,"c"
"260","USH2A",1.22106695130885,7.76169241023397,33.1893209847476,1.65298567556362e-195,1.0185308795017e-194,436.097129605339,3,"a"
"261","VDR",-1.01789114750703,8.6350084350748,-41.144227380119,1.09990913827339e-273,1.2455727809096e-272,615.673396144058,1,"a"
"262","ZFP57",2.15847202743956,7.72901440475131,46.8926007784517,0,0,749.259202516672,311,"e"
"263","ZNF804A",1.74955318044115,8.23926873981371,41.3871975478307,4.03753325053468e-276,4.69924008881675e-275,621.490626970655,5,"a"
