"","logFC","AveExpr","t","P.Value","adj.P.Val","B"
"CACNG2",3.61416266044344,9.81526207684514,119.015198967523,0,0,2173.40811756828
"ELAVL3",2.32862589209672,11.1878594129489,99.604886501696,0,0,1848.76631942473
"HTR5A",3.57369062166679,9.91824476160498,79.5304422635476,0,0,1467.65151111482
"SCN1A",2.94365658994593,10.577850907649,74.8166400401789,0,0,1370.89090093637
"DSCAM",2.82267482762427,10.5303732624863,72.0844013838785,0,0,1313.57156990008
"GABRG2",3.30704662200056,10.4318158349648,71.1806432822663,0,0,1294.42438519447
"GAL3ST3",2.42159393500083,10.546741302176,68.5162935481235,0,0,1237.3549417681
"GABRA1",3.1929198804174,10.4885880285362,64.9602393417819,0,0,1159.93200713459
"SYNE2",-0.303751987510176,12.1539885661198,-62.5247640427428,0,0,1105.00284459429
"NRG3",2.57775270366163,10.5439809728329,60.7871959661505,0,0,1067.29738177691
"MYT1L",2.55401245540117,10.857812976043,56.9365730572949,0,0,980.318123906877
"COL6A2",-0.411434098362483,12.0819592838393,-51.5231314580692,0,0,855.033293733397
"CREBBP",-0.167600372206871,12.211516649187,-50.8724943181166,0,0,839.983213017105
"GFAP",1.23373302358954,12.0999060301427,48.6943793339889,0,0,789.973776512454
"SHANK2",1.84563610878218,11.0944225345229,47.0140841135397,0,0,751.640640935748
"TBR1",2.47838190700949,9.64457752011171,46.484028709185,0,0,739.495091062754
"SLC5A8",1.93757680549718,9.07308199303401,46.424602474585,0,0,738.20946802526
"GRIN2B",2.1629651353556,10.935752437135,45.9148502944248,1.21540148876947e-321,1.96489907351064e-320,726.103395793418
"MAP1A",0.567204015730173,12.1767292924922,45.7682919531405,3.65015699147513e-320,5.59050100238746e-319,721.608785554605
"SLC6A7",2.51297613960929,10.4746163964437,45.5864937025942,2.48920153687737e-318,3.62178823615657e-317,718.488039342822
"CELF4",1.70147898360962,11.3516685815724,44.8410179356937,8.2047112897039e-311,1.1369385644304e-309,701.116805194422
"CACNA1G",1.71816735267728,11.0387151083864,44.6027203177929,2.07234457672527e-308,2.74114669012297e-307,695.646346693047
"CACNA1E",1.37605560045844,11.4270103599916,43.8708394250598,4.91429904179493e-301,6.21765661374923e-300,678.505401024975
"PPFIA3",0.704299510710122,11.7783794474337,43.6210792823442,1.60981546806922e-298,1.95190125503393e-297,672.214360774398
"NEBL",0.719854758319445,11.926659091586,43.5347156236463,1.19216458104775e-297,1.38767957233958e-296,670.077937855773
"SCN8A",1.02880638952078,11.5684589023528,43.4573119807277,7.17115005330674e-297,8.02617179043178e-296,668.715313946363
"SCN2A",1.76384828440578,11.3146366941663,42.6606720522184,7.41212965624067e-289,7.98862862950383e-288,650.587365578603
"GRIA2",1.59744623611829,11.4718974727529,41.8845770876033,4.63034526276784e-281,4.81225168380515e-280,632.563225721298
"TCTE1",1.35564375369012,10.8127903805531,41.006626445775,2.92779906592197e-272,2.93789492476997e-271,612.466368029476
"GABRB3",1.53921814010473,11.3374283180925,39.7671495815812,7.09931668314722e-260,6.66419727353497e-259,583.832006491634
"BBS1",0.15805043566532,11.9942075996309,39.7744577103756,6.00280436157801e-260,5.82272023073067e-259,582.939192918998
"DLG4",0.436797507681573,12.1300304453584,39.4930331409641,3.82534031149867e-257,3.4786688457691e-256,576.49725444835
"STXBP1",0.51152532348557,12.1229811382844,37.9823213831596,3.78535398838252e-242,3.33799397157368e-241,542.004135533127
"MCF2L2",0.636935852818405,11.7213050810236,37.9131416968515,1.82887446985434e-241,1.56530138449298e-240,540.87962627049
"UNC79",1.24135923591025,11.3903208947771,37.7188453286878,1.52101171859284e-239,1.26461260031576e-238,536.937913031914
"GABRB2",1.74213995729387,11.184806289395,36.2654431713497,2.9935813399943e-225,2.41981158316206e-224,504.194715470028
"NRXN1",1.15917660129026,11.58536690833,35.8660883270221,2.40335520504871e-221,1.89020639099777e-220,494.904971621689
"SLC6A1",1.18812364954278,11.6979934936808,35.8551034969663,3.07658360982679e-221,2.35601534331473e-220,494.58276025375
"UNC13D",-0.391984124678302,11.9386018576767,-34.9981170252166,6.74401823349811e-213,5.03207514345628e-212,474.677035107899
"RORB",1.49850859284768,11.0840627295137,34.83783183819,2.41498389650901e-211,1.75690078471031e-210,472.186493420946
"TRIOBP",-0.271988722855355,12.0296076476078,-34.5179775870848,3.00598446179886e-208,2.13351580093529e-207,463.915397475068
"KCNQ3",1.27019422007525,11.4037483497511,34.0094216308401,2.40997799417207e-203,1.66977046739065e-202,453.61992622485
"LGI1",1.44020898650002,11.3452720898376,33.8968630950503,2.91403673151426e-202,1.97205741597826e-201,451.198695792738
"HECW2",0.408110189990926,11.7222700230305,33.600124309989,2.05586998816386e-199,1.35967765126291e-198,443.959560068081
"ASXL3",1.36876021294934,10.8298195164855,33.4941789286417,2.12874249443876e-198,1.3765868130704e-197,442.454042725778
"LRRC4C",1.45437518597043,11.0945164455046,33.0039643372566,1.02773119678872e-193,6.50151691881561e-193,431.608380700417
"LRRFIP2",-0.115666418653834,12.1684877136455,-32.0296080530002,1.79002795230638e-184,1.10829390238544e-183,409.191328598102
"MKX",1.16018699077665,10.699954411054,31.54664878884,6.27026680770533e-180,3.80134925217135e-179,399.993644749401
"PPARG",-0.302429123872945,11.5220274321101,-31.3164468369346,9.0054336728114e-178,5.34812489548596e-177,394.28323282588
"CYP4F11",1.23998346622656,10.9111050049161,31.1504394715846,3.20997080469908e-176,1.86820300833487e-175,391.394556601639
"ATXN7",-0.208562665740481,11.9784106610473,-30.6403246931563,1.80231111285467e-171,1.02837751733472e-170,379.27601978269
"STOX1",1.02192691692949,11.3491429691024,30.2591465621053,6.09065675933047e-168,3.40842522493301e-167,372.105890099857
"POLR3C",-0.175446799496607,11.8093920222631,-30.0940757483892,2.02931035897379e-166,1.11420625370071e-165,367.747132131091
"TSPAN11",1.03856070424125,11.260938021496,29.3450050026676,1.49203937906918e-159,8.04043443165057e-159,352.86721553124
"CADM4",0.403360674832515,12.0401503505971,28.8090260267965,1.10019460417507e-154,5.82102963299899e-154,340.71572889109
"DPYSL2",0.29549561285769,12.2789399142389,28.3150837090856,3.10559794070798e-150,1.61380178704647e-149,330.413612175757
"INPPL1",-0.269381145782353,12.2069828845855,-28.0674633177467,5.1305564896632e-148,2.61928410261753e-147,325.305987529559
"KIAA1919",-0.206920744452743,11.4240942336336,-28.0026738239431,1.94546200773282e-147,9.76085248707327e-147,324.612200485692
"SLC7A9",0.777501818671574,10.6961423506001,27.3806204872496,6.52591989884648e-142,3.16507115094054e-141,312.534091154037
"ANK2",0.56917870731123,12.0887548221352,27.4039326718983,4.06096232204364e-142,2.00294921307576e-141,311.83520984374
"GTPBP2",-0.210109545993348,12.0526665863983,-27.0245893329081,8.91980846915181e-139,4.25518731889046e-138,304.039946353217
"SRPR",-0.232460021184628,12.1800432100243,-26.9345044185839,5.50281599106849e-138,2.58277331193698e-137,302.227343778431
"EIF3G",-0.245413549636996,12.2146137444063,-26.6330702112164,2.37273453296826e-135,1.09597737951391e-134,296.169124686486
"IQGAP2",-0.667691986372999,11.3928842217811,-26.5218572134125,2.20569391543217e-134,1.00290145217306e-133,294.640081091024
"BCL11A",1.19444994259868,11.1303677600807,26.4129194614845,1.95004558573091e-133,8.73020408381071e-133,292.87826423886
"KCNT2",0.991136174255219,11.0281911934954,26.2395019831235,6.20407745048485e-132,2.73543414862286e-131,289.45190548472
"CDK5RAP2",-0.236189805239574,12.1327447461019,-26.2352621621567,6.75073536228623e-132,2.93203580660492e-131,288.218086619186
"EIF4A3",-0.209765634798874,12.0326522460504,-26.1938568677274,1.53936354195154e-131,6.58757045158675e-131,287.393202644384
"ALDH7A1",0.44428462327802,11.934336165175,26.0299144411178,3.99873015553357e-130,1.68642097863807e-129,284.3236067287
"STK39",0.267317427899478,11.9475367787481,26.0251024063413,4.39919676799524e-130,1.82880894212374e-129,284.117456680491
"GNAI1",0.44802623629392,11.8330560351324,25.6371821550982,9.37014337562944e-127,3.84043904550446e-126,276.691453637723
"LETM2",0.359325710249211,11.442680010754,25.3245821215353,4.31087872817855e-124,1.74231348597216e-123,270.949159646028
"PTK7",0.357816076016744,11.5083825880583,25.1448101153747,1.4386406518589e-122,5.73485520124576e-122,267.379219212745
"SHANK3",0.422378367855596,12.0863461110528,24.6441889586664,2.33804190247638e-118,9.19419180568414e-118,257.126870490836
"MED12",-0.188020336419188,12.0724096092673,-24.240984201944,5.32060806141827e-115,2.06439592783029e-114,249.351621690626
"GLDC",0.568981783997388,11.4788477890708,23.8336884362893,1.21635173905138e-111,4.65734679031514e-111,242.342958433104
"KDM6B",-0.238631628355605,12.078623092546,-23.8023756924355,2.19758739076549e-111,8.30516793133453e-111,241.03797296774
"TFIP11",-0.18780348023625,12.0085792809593,-23.6791362714024,2.24431265327531e-110,8.37301259106559e-110,238.718942593666
"ZNF282",-0.167213861462526,11.9624885947637,-23.6716356520919,2.5846578626096e-110,9.52070174708093e-110,238.585128937754
"DEAF1",0.230689680954182,12.0987813746561,23.5887142149334,1.22900108403478e-109,4.47049144317651e-109,237.026258388654
"PHF12",-0.203888530866885,12.1003675407637,-23.3296794390101,1.5698467689985e-107,5.63981987380944e-107,232.175106374907
"ANKRD13B",0.312917710151642,11.8940561810025,23.2911948195685,3.21821509414077e-107,1.14207389316459e-106,231.6083674227
"ARID3C",1.21864519572913,9.41108105936101,23.1989848384207,1.79203754840679e-106,6.28292682634189e-106,231.231817278791
"DDIAS",-0.503120819387636,10.865807469854,-23.1286501113782,6.62185158303527e-106,2.29399858412293e-105,229.599928653729
"MAP3K1",-0.205221341320839,11.8353526234261,-23.0537660294554,2.65577926057523e-105,9.09213840973403e-105,227.137827579626
"KCNB1",0.466784735811207,11.8107930369847,22.9469551756038,1.91666971050579e-104,6.48547541578122e-104,225.403813608591
"ZNF30",0.31388084694233,11.5211491212846,22.6817810345263,2.52986414620194e-102,8.46195938557199e-102,220.796691614474
"SH2D3C",-0.217883638771351,11.9293259865686,-22.6274839345755,6.84617375311005e-102,2.26390518426707e-101,219.23665860711
"THSD7A",0.673986356115427,11.3565556316783,22.5009208124596,6.93045879481767e-101,2.26602641493477e-100,217.756671513565
"HK3",-0.685918348286641,11.4153800174618,-21.887482749695,4.60965560712337e-96,1.49045531296989e-95,206.508440109987
"SYNGAP1",0.228668275944944,12.0153227544442,21.8828313606767,5.01093009408386e-96,1.60239632678945e-95,205.752775528857
"MEFV",-0.859188976764783,10.8881400814845,-21.4607841027432,9.30314608171216e-93,2.94262555410678e-92,199.367213045648
"EEF1A2",0.530467325740872,12.1115482992964,21.3260657687969,1.00785750698426e-91,3.15361865088623e-91,195.893573032573
"MYO10",0.270339166475878,12.0246062827402,21.165665559644,1.69793452977095e-90,5.25637178897176e-90,193.047499783361
"VEZF1",-0.176421290405184,12.0715620779185,-20.9998611112084,3.10038908618148e-89,9.49698130609275e-89,190.112634926686
"RNF168",-0.132441914037739,11.8972216083862,-20.8810885298072,2.46079238083695e-88,7.45927690441201e-88,188.077676478338
"PLEKHG5",0.315138518255343,11.8998649605777,20.039341857483,4.66890765785241e-82,1.40067229735572e-81,173.768549144976
"SRRM2",-0.202274554919069,12.5240604977049,-19.9572142039656,1.87243877809405e-81,5.55999677985071e-81,172.265756936
"ARFGEF1",-0.153125513921337,12.0550025771418,-19.7805392318616,3.666564572528e-80,1.07774776828853e-79,169.26140278121
"TRIP12",-0.186309393287181,12.2527940534568,-19.7551775879424,5.61121162104533e-80,1.63286258172419e-79,168.84932280169
"DNAJC13",-0.141945282257292,12.0458639865281,-18.7533517106249,8.24121636637448e-73,2.37444946793562e-72,152.370772948624
"CNN3",0.286014699245455,12.0814154871386,18.6213557040278,6.92726317686067e-72,1.97630743575143e-71,150.269674218756
"DGKD",-0.199275836272199,12.1478443625768,-18.2282275891419,3.68417959515424e-69,1.04087015746591e-68,143.990597481254
"LDB1",-0.146567624406745,12.0789559147444,-18.0924418480536,3.14780195786395e-68,8.80779201671549e-68,141.846550646794
"SEC61A2",0.156942941052979,11.9250420782635,17.9771533197017,1.92770170982822e-67,5.34248759580965e-67,140.090171481375
"SIN3A",-0.138081952964576,12.066495849202,-17.7630179445332,5.4582077828532e-66,1.49843251397196e-65,136.704142593161
"EIF4G1",-0.184049554580803,12.3403593518963,-17.7004121422953,1.44258821130819e-65,3.92330064944564e-65,135.756520627508
"MED13L",-0.156500345737574,12.1729723834814,-17.6493554968926,3.18092108208309e-65,8.570815137835e-65,134.951579136921
"DNAH3",0.880017589216309,9.76940709506882,17.4563650851023,6.22242423571681e-64,1.63128419152576e-63,133.456614646771
"CMTR2",-0.124540340638155,11.757227922861,-17.5073537020644,2.84310728903228e-64,7.59031395512287e-64,132.922209474728
"MYH3",-0.167172304810884,11.7128749039573,-17.4951885668534,3.42782861374021e-64,9.06816478725818e-64,132.800819968909
"PTEN",-0.172193555195026,12.2221144620408,-17.4022413907456,1.42636720262111e-63,3.70600764252448e-63,131.163389244312
"POC1A",-0.190869684167874,11.27133082337,-17.2388283818348,1.72543726435384e-62,4.44338268961917e-62,129.496812805737
"LY75.CD302",-0.799749280805321,8.10214313973059,-16.9824909609723,8.31237852989272e-61,2.12184399315682e-60,126.345147458513
"TLK2",-0.126889893637531,12.0205684536275,-16.8803360192638,3.8463043209345e-60,9.73282223819077e-60,123.277445302219
"CTSA",-0.163197392536163,12.1848994758965,-16.8277024124969,8.44592730559516e-60,2.11876279821396e-59,122.499085325283
"HDLBP",-0.169204625917438,12.3758611960489,-16.7258010603204,3.85212050787732e-59,9.58091510933589e-59,121.004969923159
"STIL",0.17658264571169,11.2140428429077,16.097207471808,3.82844279277283e-55,9.36199035879744e-55,112.712148980415
"NUP155",-0.0983966408039868,11.8274279555715,-16.1183196440982,2.82286308446426e-55,6.96146743711102e-55,112.191559000326
"EIF3A",-0.161911706745164,12.2806263063199,-16.0873709552385,4.41196396443024e-55,1.06990126137433e-54,111.679309908898
"CSNK2B",-0.145572722609645,12.1982117153629,-16.0369973244061,9.11341892602432e-55,2.19173959295296e-54,110.948086219906
"BAIAP3",0.302330471752928,11.8491263884783,15.8074851074174,2.42847992317078e-53,5.79252178395654e-53,107.842500174502
"ITGA6",-0.166902182378047,12.0282545818091,-15.2807565792301,3.94358677480689e-50,9.32994919893337e-50,100.305250670264
"SETD2",-0.13200470955669,12.1513645808155,-15.2286856728854,8.10190454464652e-50,1.90133405039688e-49,99.5897505017662
"KCNJ14",0.24079951567756,11.3618962232792,15.1101548840059,4.14199422792219e-49,9.64256256260285e-49,98.7264520988969
"TCF4",0.164973913759018,12.1063916730754,15.1017876153431,4.64584765619976e-49,1.07296957774137e-48,97.8512985054873
"PPFIBP2",-0.117136296469642,11.8994657718382,-15.0824243790217,6.05834481075583e-49,1.38817192120468e-48,97.6130244439193
"TFB2M",-0.138969378633841,11.6232048045255,-14.9806547114028,2.43412637188022e-48,5.49093623424142e-48,96.5536547702334
"DHTKD1",-0.119785543420008,11.977770516235,-14.9879163376467,2.20472806934327e-48,5.01231147014759e-48,96.3001746748866
"ITGB6",-0.765063853629662,10.1652058864647,-14.7628778600863,4.65335579190809e-47,1.03368437820248e-46,94.6976816341465
"GBF1",-0.133483145987378,12.1859915499392,-14.7804178385942,3.67383085199114e-47,8.22372906099555e-47,93.4995366203776
"ADCY10",0.390715917093682,10.5920996207054,14.6793322501837,1.43000661086127e-46,3.10546211761664e-46,93.4971694160703
"TNPO1",-0.130688463134173,12.1448640409955,-14.7508029713006,5.4748657909681e-47,1.20695904937251e-46,93.0991223345496
"CACNA2D3",0.232545069600206,11.7173593542734,14.6942005789894,1.17146743052746e-46,2.56313550589092e-46,92.6345126569522
"RAI1",0.0902350448809253,12.0233250295314,14.6271412313251,2.87599472062941e-46,6.19936639780116e-46,91.4499657418291
"GLI1",-0.373550135704927,11.2605061100613,-14.5537517330922,7.65610965486555e-46,1.6381822864455e-45,91.3028648356118
"FXR1",-0.15453582774698,12.2193401358068,-14.413254786216,4.93399953374211e-45,1.04802471848099e-44,88.6232041075702
"RAD51C",0.115266943881033,11.730038739654,14.304124512211,2.07643383969282e-44,4.34706652770224e-44,87.4174089347538
"KAT5",-0.113912458141786,12.0549940012645,-14.3121020756825,1.86993025685584e-44,3.94311380250036e-44,87.2869503291413
"M1AP",0.476457756594284,10.7204559393843,14.1785737235554,1.07287048625658e-43,2.21422206738059e-43,86.8441384529119
"ATP9B",-0.0980017179588714,11.9370985364866,-14.2449359067271,4.51022291355302e-44,9.3748204845995e-44,86.4243836482246
"PTPRG",0.268243152679027,11.8531137130184,14.1343171618521,1.90867359873941e-43,3.91143674107865e-43,85.1489953213775
"TEK",0.243040076808919,11.6670102178668,14.0009700260052,1.07315660470278e-42,2.18383616761195e-42,83.6466111465975
"GIGYF1",-0.128222984756457,12.2052086612754,-13.9271169515558,2.77643079675356e-42,5.61070390177282e-42,82.3169586916421
"PASK",0.155846616152072,11.7712593228514,13.8162249255051,1.14806184980674e-41,2.28826026228604e-41,81.0904695103982
"LMF2",-0.123488744080043,12.1064955525551,-13.8181926097567,1.11959745315096e-41,2.24691626804779e-41,80.9222745445667
"NR3C2",0.16326643948712,11.8094013657645,13.7515474203229,2.61602861551622e-41,5.17866889194027e-41,80.2368953311243
"TOR1A",-0.106738737386061,11.9547850733035,-13.6501775634044,9.45006280609638e-41,1.85808667336084e-40,78.8074465347593
"MYO5C",0.220683192894695,11.6508483213909,13.5125753717601,5.33466557697176e-40,1.04187092811999e-39,77.4744063235179
"CRIPAK",-0.100856578051868,11.9331297844603,-13.4969728917858,6.48541505597408e-40,1.25817052085897e-39,76.8970495135387
"DNAH8",0.638466511240117,9.63026557982276,13.2895961580259,8.54410274328338e-39,1.64657874059302e-38,75.8150751383465
"PHF21A",-0.133258620160093,12.1428479181541,-13.2822825103663,9.35172272101926e-39,1.7903627051425e-38,74.2294212057416
"KCNMA1",0.198564762385417,12.029563714655,13.2566489807856,1.2830058725444e-38,2.44022685562366e-38,73.9296024927685
"CUL7",-0.101552847519641,11.9805839750742,-13.2479396078519,1.42836870773237e-38,2.69906035032545e-38,73.8086966981478
"FOXP1",-0.115763905368495,12.0065392734604,-13.2372981107112,1.62838719999505e-38,3.05716564644232e-38,73.6759462348128
"NSD1",-0.110342133717954,12.1329548808411,-12.8229981637163,2.49881232905827e-36,4.6612460753587e-36,68.6701170877372
"DYRK1A",-0.113999140187317,12.1561218278026,-12.7879501954048,3.80157438719906e-36,7.04623023359825e-36,68.2543320462002
"MSH3",-0.0745105022231507,11.7365099134284,-12.4612038146984,1.81325737853853e-34,3.33960694401716e-34,64.5947972495148
"RBM4",-0.110753603649808,12.1422914021094,-12.3380370960975,7.61291467342118e-34,1.39330702513557e-33,62.9843010120572
"TCF7L2",-0.0942248835144252,11.8684458217731,-12.3097845544946,1.05616617762855e-33,1.92090223556192e-33,62.7052345522709
"KCNQ4",0.178310460741435,11.5988760364382,12.1234727033527,9.00222582216795e-33,1.62711038152228e-32,60.9744239931904
"MBOAT2",0.155524565730335,12.0214430337817,12.1111791516115,1.03592186026843e-32,1.86082260085255e-32,60.4006181167093
"GGA2",-0.107962185934345,12.1495263577377,-11.9852489875973,4.33396996413762e-32,7.73733288076102e-32,58.9678398899523
"ADCY9",-0.125419414948115,12.008610228407,-11.7820570396822,4.245882413753e-31,7.53385233172026e-31,56.6990620182945
"FOXP2",0.445813902617411,11.2017684765536,11.5588932941851,5.00665665391426e-30,8.77672943547621e-30,55.209137702715
"SPEN",-0.107705017073012,12.2226171218443,-11.6280335476394,2.34127731040226e-30,4.12916180198217e-30,55.0110420856766
"MARK3",-0.107615264083159,12.2028516212789,-11.5373556927539,6.33906180443551e-30,1.10459100903637e-29,54.0198377577428
"UBR1",-0.0885468938192081,11.9899994817005,-11.5099283419469,8.55628816724237e-30,1.48207134325448e-29,53.716629775039
"TRIM23",0.104814242365919,11.9175420759516,11.4007802298022,2.8053506762591e-29,4.83051506977158e-29,52.578361151987
"KDM5B",-0.0934109208385435,12.0063616442813,-11.3698021875395,3.92258024821035e-29,6.71453442487772e-29,52.2033212318683
"HPS3",-0.0860495643774511,11.857284894292,-11.3495632752103,4.88090374169784e-29,8.30609934990686e-29,52.0426244981238
"ACAT1",-0.124181245380755,12.0823681795921,-11.3233613044721,6.47408718247665e-29,1.09532521517483e-28,51.7054370573491
"ARID1B",-0.0972066532424564,12.113604635124,-11.2472864782931,1.4654117445857e-28,2.46494114262682e-28,50.8950298670232
"CHD2",-0.103589858534433,12.2429347799072,-11.0009139038208,1.99784775351283e-27,3.34122813949559e-27,48.3124342612711
"MTMR11",-0.0865117781946008,11.7569980857601,-10.9646383851448,2.92252109153785e-27,4.85973507221437e-27,48.0834847023106
"KMT2E",-0.0950378426725816,12.1716905288472,-10.6500065437744,7.55783585201155e-26,1.24961945053146e-25,44.700900360966
"GTPBP6",-0.0929634184418622,12.125029621322,-10.57156265982,1.67858049905397e-25,2.75970014251247e-25,43.9064270624084
"SATB1",-0.0975387551475389,12.1280090969254,-10.5491966204993,2.10539937529374e-25,3.44197313601392e-25,43.6819439846094
"ZNF226",0.0837376274010477,11.8307924597975,10.5187803701198,2.86315780547987e-25,4.65463084578013e-25,43.4793573218276
"PPP1R9B",0.115671879432085,12.2291054175407,10.5044171624417,3.30958352640645e-25,5.35049336769043e-25,43.241299635198
"MAP3K4",-0.0799097675017947,11.9870732465939,-10.4451261299403,6.00804293717377e-25,9.65933974982081e-25,42.6427995874832
"HGS",-0.0989505180500851,12.2301649919308,-10.4210321257005,7.64882799720925e-25,1.22297194900434e-24,42.4112264226803
"NCOA1",-0.0964554516049841,12.215609743057,-10.3888871902218,1.05477947366268e-24,1.67727227779147e-24,42.0910861570034
"CEPT1",-0.0728539782969421,11.9008686879285,-10.3018430281745,2.50708205203065e-24,3.96500476707021e-24,41.2529346471352
"IRF2BPL",-0.0889284737813602,12.0481527467323,-9.98307772538061,5.65066683361641e-23,8.88834620855338e-23,38.1365621460215
"AAGAB",-0.0785934298667307,11.9685822547429,-9.86759886207479,1.70946649123511e-22,2.67448789757751e-22,37.0454409681867
"ZNF587",-0.0686186068523889,11.9215552251698,-9.75833398879948,4.82107998155242e-22,7.50232232423397e-22,36.0324938814739
"AMBRA1",-0.0707810338629697,11.9848206918539,-9.66896147374833,1.11715056403824e-21,1.72920645816558e-21,35.1838668263274
"TRPM6",0.182724808792516,11.3800122957293,9.57053013681326,2.79631736903593e-21,4.28278081257608e-21,35.01380173036
"ANKRD11",-0.0915731863964883,12.2719499558191,-9.64082112235144,1.45346393579891e-21,2.23787304400785e-21,34.9352861349794
"KMT2C",-0.0890633266842424,12.2008339147108,-9.51061828355044,4.86779398430411e-21,7.41637722215967e-21,33.731415529585
"TM9SF4",-0.0762560129121004,12.1253831606812,-9.49761217347556,5.48801913895934e-21,8.31777900748524e-21,33.6069198710107
"JUN",-0.111373571371217,12.2400120699638,-9.35586487234827,2.00858427844069e-20,3.02848717630177e-20,32.3329847957094
"CMTM1",0.309322480741865,10.742062886733,9.12572190336471,1.5903182442237e-19,2.37324414907229e-19,31.5601101934168
"CLK1",-0.0902636704908298,12.2784408469446,-9.20583544570515,7.77984022459939e-20,1.16697603368991e-19,30.9973409887982
"KIAA0232",-0.0848210949945754,12.1761976849403,-9.05304694125737,3.0272297860054e-19,4.49450952922231e-19,29.6433893365958
"CHD8",-0.0775646449647267,12.1219037972061,-9.05016267701299,3.10526535255975e-19,4.58696557154766e-19,29.6145911790069
"RC3H2",-0.0707392228203842,12.0587344831401,-8.84680169303483,1.83400204959097e-18,2.69542725470188e-18,27.8576538844213
"L3MBTL4",0.162399841278616,11.3752909200223,8.61329137219214,1.34722481384238e-17,1.93124345235533e-17,26.6361613639053
"LASP1",-0.096642976755782,12.2093031735236,-8.70016318157405,6.45217215421712e-18,9.43508591395568e-18,26.623276381889
"TRAF7",-0.0771163047389214,12.1295505469036,-8.63947013491025,1.07992864196833e-17,1.56685285069337e-17,26.1080756212515
"MBNL2",0.0991025898956869,12.1279960942897,8.63921529910207,1.08225918553047e-17,1.56685285069337e-17,26.107311840294
"SETD5",-0.0791111270171599,12.2091586135751,-8.62105112293464,1.26182344089097e-17,1.81777535296669e-17,25.9606906079849
"MEI1",-0.200808142302043,11.0631566972782,-8.44491688070961,5.50606266464863e-17,7.85423644810172e-17,25.5165651710916
"ATM",-0.07286574484785,12.0774326196902,-8.39047499200397,8.63338235145455e-17,1.22551915330404e-16,24.054280532785
"DEPDC5",-0.0537621856542658,11.8377030043351,-8.25085892200552,2.70314297006977e-16,3.81851749655488e-16,23.0019961632409
"MTRF1",-0.057047232829082,11.6702396652462,-8.14963275932835,6.11668535067345e-16,8.59881853645398e-16,22.4074694171831
"LRIG2",-0.0559594626983517,11.9119266318492,-7.85536048509726,6.23423704860119e-15,8.72193740934109e-15,19.8583685413052
"ATAD3B",-0.0601675660933302,11.9747532853831,-7.72339750513952,1.72152259100998e-14,2.39695250710002e-14,18.8386930787197
"ATN1",0.0827087987397546,12.3247630371966,7.68735099060022,2.26579459706064e-14,3.13974394164118e-14,18.5829852194356
"DIP2A",-0.0633040637223263,12.0905213191072,-7.42297244591218,1.63919084461607e-13,2.26068500371221e-13,16.6175756210293
"EGFR",0.14829389186779,11.8613186594912,7.26333482530752,5.25045950557784e-13,7.20699866095826e-13,15.5808064734889
"ADNP",-0.0626784749548568,12.134530204025,-7.13835902335719,1.28513698032286e-12,1.75575052241292e-12,14.595827440457
"ASGR2",-0.282435943117446,10.689818019992,-6.8600707688173,8.96012608518718e-12,1.20712809758772e-11,13.9865450232296
"PHF2",-0.0609743033494439,12.112695118333,-6.97067646053411,4.17644589875125e-12,5.67918577820848e-12,13.4380741075861
"F13B",-0.168735833006365,7.7338772384981,-6.73403040375689,2.10930548519562e-11,2.82860781655265e-11,13.4285617667768
"DNAH17",0.0918073568593849,11.6425724999709,6.9108691149283,6.31925939799938e-12,8.55304411543172e-12,13.3871102681098
"AGO1",-0.0557022047654173,12.0698996673454,-6.60165243501233,5.10309796924482e-11,6.8119335277534e-11,10.9841093425894
"HECTD4",0.0634760859351538,12.2018568963231,6.57849301985742,5.94622230728104e-11,7.9011447096748e-11,10.8418187834494
"CDAN1",-0.044014373887159,11.8834074347329,-6.41278202558257,1.75040248538644e-10,2.31530510567025e-10,9.8178235618088
"AP2S1",-0.0588462075896464,12.0758145759827,-6.35690462786752,2.50477655596334e-10,3.29814469586123e-10,9.42798558948632
"FDXR",0.0568967947240847,11.7215383265454,6.22221723642329,5.87158913445229e-10,7.69654251407935e-10,8.82240893160568
"ATR",-0.0432652429800359,11.912825456802,-6.14440452270625,9.53208058863742e-10,1.24387239968318e-09,8.14629275800284
"SEPN1",-0.0563569525463692,12.166657637901,-5.99894939272534,2.32284203784203e-09,3.01762068308942e-09,7.25808842963383
"ATP6V1C2",0.0674229596141744,11.392645606768,5.70944049900671,1.29003510337521e-08,1.65374544089069e-08,6.30059962852201
"ZNF668",-0.0388078309356188,11.7493246543469,-5.80523637546106,7.37847102019243e-09,9.54282251944887e-09,6.30023684016082
"TRIM3",0.0504694105528142,12.0046388290072,5.70986011914735,1.28690584283175e-08,1.65374544089069e-08,5.59270469161844
"DNMT3A",-0.0475013885558268,12.0430796483612,-5.65577316144233,1.75757459900936e-08,2.24322021189352e-08,5.28416990214468
"AGXT2",-0.200300863002147,7.98742973048065,-5.22927254889726,1.86610663839827e-07,2.35080966135885e-07,4.56150439033636
"WDR35",0.0527785565940227,11.7940756120396,5.46431312835818,5.18323317398933e-08,6.58655394598643e-08,4.37218100230051
"ASH1L",-0.0499395818659434,12.1851498943033,-5.30075002500767,1.27091244685662e-07,1.60798053058816e-07,3.37089511462032
"QSOX2",0.041439724859529,11.9115552038057,5.15819385885334,2.72129733698511e-07,3.41335140113219e-07,2.66129486435429
"WAC",-0.0485586788480893,12.2780944914073,-5.02233812723419,5.52380101088516e-07,6.89882443848748e-07,1.96027801550894
"PSG4",0.208501932181219,8.25254124971638,4.69338768707019,2.85583006923056e-06,3.52138368705972e-06,1.91883953283108
"PPP2R5D",-0.0436995254714539,12.1269603153996,-4.92175039796585,9.22713083570396e-07,1.14747652700421e-06,1.4519348115442
"ARL8A",-0.0458844111714656,12.148967943206,-4.74167848072316,2.25806020195909e-06,2.79615114370253e-06,0.59206130780132
"CTNNB1",-0.0421161191468071,12.2929260665142,-4.37993105420878,1.24400167715691e-05,1.52744509726861e-05,-1.02887922737141
"TBL1XR1",-0.0398348492775223,12.1703035339425,-4.37888647573544,1.24992554228014e-05,1.52827030589714e-05,-1.0457262143337
"GSTA1",-0.219719824182577,9.44059704783096,-3.95060039610552,8.04609131651167e-05,9.71540486765517e-05,-1.33380494007454
"HSF4",0.0436662932444904,12.0021915686807,4.27638359881522,1.9823989511619e-05,2.41371587777453e-05,-1.48480493624769
"NACC1",0.0393623795878007,12.1043897813723,4.1172487654059,3.97866124128293e-05,4.82412675505555e-05,-2.15168739809902
"SCUBE3",0.0688314604629586,11.1570356523325,3.63211397041477,0.000287670526579171,0.0003430824722727,-3.06528327714103
"INSC",-0.165230089308375,10.5031358048254,-3.50392082468123,0.000467807183915502,0.000555640369466984,-3.07058152218746
"POM121L12",-0.0499116091427354,7.6319929536446,-3.37825591848796,0.000742438820064655,0.000874695128092367,-3.31959152843203
"LDLR",-0.0372876906737079,11.8541623945103,-3.75091779057118,0.000180834623706858,0.000216555043204509,-3.52322066876193
"PPP5C",-0.033060982989542,12.0900849891076,-3.75626499520644,0.000177040810280723,0.000212887916494588,-3.56411385065918
"SLC6A2",-0.175100916204223,8.76667213551579,-3.21468735832591,0.00132516380843989,0.00154868541468277,-3.91951382429654
"PAX5",-0.179635557825373,9.90946284484074,-3.02446673258805,0.00252010854491969,0.00288721097075445,-4.51132911481776
"TAOK1",-0.0317497481239229,12.1701522548633,-3.47813383268907,0.000514928547117094,0.000609122793540953,-4.56050238004377
"SLC22A2",-0.166445832130622,9.00919115823543,-2.96888083342963,0.00302181545364099,0.00344842469415501,-4.69233823733831
"METTL20",-0.0232721717842859,11.6376125662992,-3.30958020894764,0.000949743833866023,0.00111441715989925,-4.79415472130498
"LYZL2",-0.0598438907939361,7.69378679646068,-2.85542121673184,0.00433908746494029,0.00491313016458219,-4.94450660366493
"TRMT61B",0.0260098999066755,11.6913489533222,3.18381703937827,0.00147419252210175,0.00171596009572643,-5.27557312186376
"ZMYND8",0.0275147661870594,12.0711929061727,3.15932496989506,0.00160326289843587,0.00185876296193163,-5.61762728203096
"TOM1L2",0.0308924350952589,12.2739779386903,3.0740489636556,0.0021382003001399,0.00246911225135203,-5.86848471404745
"WDR59",-0.0251316217994157,12.0658404703138,-3.04002102276516,0.00239406078169521,0.00275364303349133,-5.98634179099007
"CC2D1A",-0.0262377711742738,12.1294112619383,-2.94935836849849,0.00321861404405888,0.00365865893289506,-6.25515105334227
"FBXL6",-0.0142124918186029,11.8865743988984,-2.79000806654241,0.00531702391060091,0.00599710836428242,-6.67252699038932
"CDC20B",-0.083945173371966,8.16871270071488,-1.95465483545835,0.0507528745992539,0.0551085317476973,-7.12949245795537
"EYA4",0.105389462464816,10.9590654804938,2.09716169229802,0.0360954471417652,0.0393399817163059,-7.27563425703767
"GPRC5C",0.0382177881037493,11.8479836784837,2.51864137891485,0.011852679414187,0.0132658834981863,-7.35375934336647
"PCCB",-0.0210308052588385,11.9678061148346,-2.52028303014586,0.0117977032978497,0.013255334593337,-7.42024395287828
"RAB40C",0.022381970745918,12.0434143163632,2.50189329327657,0.0124266672688248,0.0138550198284599,-7.47206130789166
"RECQL5",-0.018629617930359,11.9285147047015,-2.48365577521167,0.0130795957927966,0.0145273373118466,-7.5000880477889
"C1orf177",0.0902126546897131,9.14462838158951,1.54523329459012,0.122436578499457,0.130509319938981,-7.90562348291299
"DYNC1H1",0.023369711836549,12.4133907046656,2.25985597956092,0.0239295845296079,0.0263388395713512,-8.01944448144255
"SPAST",0.0181928511440952,11.9313276554162,2.26242453074759,0.0237703058782325,0.0263009848310481,-8.02187403720578
"SMARCC2",-0.0210420857366965,12.2244864840718,-2.25895713567145,0.0239855411904058,0.0263388395713512,-8.04036832363613
"RECK",0.0199606401510033,11.7389050859806,2.09853911846178,0.0359735960437041,0.0393399817163059,-8.19855364563296
"CD101",-0.03934813752825,10.7634834238539,-1.17881204750998,0.238603079869474,0.249760777848982,-8.63928185007897
"RFX3",0.0148999065965879,11.9097171886829,1.94905041962895,0.0514189083019819,0.0556241721779804,-8.67109449995338
"MST1",0.0140528924254085,11.7719191967702,1.82177695552127,0.0686273078135921,0.0739649873102049,-8.78827747634324
"SKI",-0.0173077803217655,12.1916248090787,-1.80683634898834,0.0709271366836046,0.0761616117156049,-8.9613576823626
"GTF3C4",0.014703130505842,11.9039651182647,1.77663986816498,0.0757684648040277,0.0810611149190149,-8.98877152523912
"NPC1L1",0.023648060187385,10.4164641262264,0.578955949409974,0.562679364610624,0.574525245970848,-8.98957455053232
"TYR",-0.0101253938564188,8.04237233121002,-0.267603226385069,0.78903033940203,0.797249405437468,-8.9959068090987
"TCF20",-0.0116833039475339,11.9809445699297,-1.48430738545737,0.137873544105044,0.146427742096963,-9.49329245517002
"COBLL1",-0.0174384131091914,11.8062702059261,-1.38820573715292,0.165217800162195,0.174830472171632,-9.52432045457156
"RINL",0.0127298582907336,11.6672647433403,1.1453561659705,0.252188746021978,0.26303557380787,-9.64616195392311
"TECR",-0.0127284340483965,12.2187054810794,-1.29838710790572,0.194293186457566,0.204852598765043,-9.74762275050826
"HSD17B4",-0.01198601327354,12.1801470575387,-1.26173299766125,0.207181339577352,0.217652598617362,-9.7981626871996
"ZNF416",0.00301313951622249,11.4560335554241,0.367349036909567,0.713394728545445,0.725866664359176,-9.90862121186375
"CCDC66",0.00614013110025234,11.8603785156743,1.1116539891583,0.266410873534317,0.276877014994594,-9.91992597122033
"CORO1A",-0.0153708180871701,12.0240655327534,-0.917228625167866,0.359125420738671,0.371905684821898,-10.178075328904
"TSC1",-0.00692340259983282,12.1482095587953,-0.770832760657468,0.44089051382221,0.4549614876676,-10.2994097570186
"POGZ",-0.00684262080270116,12.2203720228891,-0.724206946715651,0.469017256146972,0.482275694483282,-10.3281067184452
"PRR12",0.00562594670278061,12.0251259985039,0.668265251260833,0.504035811655623,0.516459229548543,-10.3749343830244
"COLQ",0.00158961861419499,11.764898741191,0.178147374624519,0.85862397095562,0.86158474326926,-10.4269397375467
"MBD5",0.00239866533965074,11.860417986465,0.356903724927704,0.721198802156997,0.731250353406572,-10.4760171426148
"SLC9A1",0.0018337749162406,11.977904087097,0.187655166146764,0.851164633267494,0.857055045954466,-10.5760401949196
"PI4K2A",0.000912453566715193,12.0251902864776,0.109913901946978,0.912487884807608,0.912487884807608,-10.592412773216
