gene,ppi_degree,phenotype_degree,ppi_betweenness,phenotype_betweenness,module_multiplex,module_ppi,module_phenotype,e_wes,e1,e2,e3,e4,a_wes,a1,a2,a3,as,common_wes,common,common_all,a_specific,e_specific,annotated_type
AAGAB,0,0,0.0,0.0,76,125,123,1.0,0.0,0.0,0.0,0.0,0.0,0.0,0.0,0.0,0.0,0.0,0.0,0.0,0.0,0.0,
ACAT1,0,0,0.0,0.0,40,50,62,1.0,0.0,0.0,0.0,0.0,0.0,0.0,0.0,0.0,0.0,0.0,0.0,0.0,0.0,0.0,
ADCY10,1,0,0.0,0.0,3,9,153,1.0,0.0,0.0,0.0,0.0,0.0,0.0,0.0,0.0,0.0,0.0,0.0,0.0,0.0,0.0,
ADCY9,2,11,0.0,0.0075895664515790015,3,9,2,1.0,0.0,0.0,0.0,0.0,0.0,0.0,0.0,0.0,0.0,0.0,0.0,0.0,0.0,0.0,
ADNP,2,0,0.0,0.0,7,9,106,0.0,0.0,0.0,1.0,0.0,1.0,1.0,0.0,0.0,0.0,0.0,0.0,1.0,0.0,0.0,"Epilepsy 3, Autism 1"
AGO1,8,0,0.005366357288455784,0.0,4,3,116,1.0,0.0,0.0,0.0,0.0,0.0,0.0,1.0,0.0,0.0,0.0,0.0,0.0,1.0,0.0,Autism 2
AGXT2,3,2,7.012950582074898e-05,9.350600776099864e-05,11,11,11,1.0,0.0,0.0,0.0,0.0,0.0,0.0,0.0,0.0,0.0,0.0,0.0,0.0,0.0,0.0,
ALDH7A1,1,0,0.0,0.0,11,11,128,1.0,1.0,0.0,0.0,0.0,0.0,0.0,0.0,0.0,0.0,0.0,0.0,0.0,0.0,1.0,Epilepsy 1
AMBRA1,0,5,0.0,4.285692022379104e-05,12,29,8,1.0,0.0,0.0,0.0,0.0,0.0,0.0,0.0,0.0,0.0,0.0,0.0,0.0,0.0,0.0,
ANK2,6,5,0.014751195929020976,0.0,2,6,1,0.0,0.0,0.0,0.0,0.0,1.0,1.0,0.0,0.0,0.0,0.0,0.0,0.0,1.0,0.0,Autism 1
ANKRD11,0,0,0.0,0.0,83,142,136,0.0,0.0,0.0,0.0,0.0,1.0,1.0,0.0,0.0,0.0,0.0,0.0,0.0,1.0,0.0,Autism 1
ANKRD13B,0,0,0.0,0.0,87,147,141,1.0,0.0,0.0,0.0,0.0,0.0,0.0,0.0,0.0,0.0,0.0,0.0,0.0,0.0,0.0,
AP2S1,3,0,0.0,0.0,3,8,120,0.0,0.0,0.0,0.0,0.0,1.0,0.0,0.0,0.0,0.0,0.0,0.0,0.0,0.0,0.0,
ARFGEF1,1,1,0.0,0.0,6,7,21,1.0,0.0,0.0,0.0,0.0,0.0,0.0,0.0,0.0,0.0,0.0,0.0,0.0,0.0,0.0,
ARID1B,3,4,0.0006856719314057199,0.01691289915377063,1,1,5,0.0,0.0,0.0,1.0,0.0,1.0,1.0,0.0,0.0,0.0,0.0,0.0,1.0,0.0,0.0,"Epilepsy 3, Autism 1"
ARID3C,0,3,0.0,8.181775679087382e-05,1,21,5,1.0,0.0,0.0,0.0,0.0,0.0,0.0,0.0,0.0,0.0,0.0,0.0,0.0,0.0,0.0,
ARL8A,1,1,0.0,0.0,5,15,27,1.0,0.0,0.0,0.0,0.0,0.0,0.0,0.0,0.0,0.0,0.0,0.0,0.0,0.0,0.0,
ASGR2,0,0,0.0,0.0,72,118,115,1.0,0.0,0.0,0.0,0.0,0.0,0.0,0.0,0.0,0.0,0.0,0.0,0.0,0.0,0.0,
ASH1L,5,5,0.011904038346368512,0.004020758333722942,4,3,5,0.0,0.0,0.0,0.0,0.0,1.0,1.0,0.0,0.0,0.0,0.0,0.0,0.0,1.0,0.0,Autism 1
ASXL3,0,1,0.0,0.0,10,59,22,0.0,0.0,0.0,0.0,0.0,1.0,1.0,0.0,0.0,0.0,0.0,0.0,0.0,1.0,0.0,Autism 1
ATAD3B,0,1,0.0,0.0,17,26,26,1.0,0.0,0.0,0.0,0.0,0.0,0.0,0.0,0.0,0.0,0.0,0.0,0.0,0.0,0.0,
ATM,10,0,0.015162697287855081,0.0,8,4,144,1.0,0.0,0.0,0.0,0.0,0.0,0.0,0.0,0.0,0.0,0.0,0.0,0.0,0.0,0.0,
ATN1,2,0,0.0,0.0,1,1,50,1.0,0.0,1.0,0.0,0.0,0.0,0.0,0.0,0.0,0.0,0.0,0.0,0.0,0.0,1.0,Epilepsy 2
ATP6V1C2,1,6,0.0,0.007426974619334158,3,2,2,1.0,0.0,0.0,0.0,0.0,0.0,0.0,0.0,0.0,0.0,0.0,0.0,0.0,0.0,0.0,
ATP9B,0,0,0.0,0.0,57,84,89,1.0,0.0,0.0,0.0,0.0,0.0,0.0,0.0,0.0,0.0,0.0,0.0,0.0,0.0,0.0,
ATR,3,5,0.0,0.009695533835167374,8,4,3,1.0,0.0,0.0,0.0,0.0,0.0,0.0,0.0,0.0,0.0,0.0,0.0,0.0,0.0,0.0,
ATXN7,0,0,0.0,0.0,94,166,155,1.0,0.0,0.0,0.0,0.0,0.0,0.0,0.0,0.0,0.0,0.0,0.0,0.0,0.0,0.0,
BAIAP3,0,2,0.0,2.337650194024966e-05,1,160,19,1.0,0.0,0.0,0.0,0.0,0.0,0.0,0.0,0.0,0.0,0.0,0.0,0.0,0.0,0.0,
BBS1,0,2,0.0,0.0,6,25,16,1.0,0.0,0.0,0.0,0.0,0.0,0.0,0.0,0.0,0.0,0.0,0.0,0.0,0.0,0.0,
BCL11A,0,4,0.0,0.0,9,140,6,0.0,0.0,0.0,0.0,0.0,1.0,1.0,0.0,0.0,0.0,0.0,0.0,0.0,1.0,0.0,Autism 1
C1orf177,0,0,0.0,0.0,85,144,138,1.0,0.0,0.0,0.0,0.0,0.0,0.0,0.0,0.0,0.0,0.0,0.0,0.0,0.0,0.0,
CACNA1E,3,7,0.0029220627425312075,0.004074746921537327,2,2,1,0.0,0.0,0.0,0.0,0.0,1.0,0.0,1.0,0.0,0.0,0.0,0.0,0.0,1.0,0.0,Autism 2
CACNA1G,1,0,0.0,0.0,2,2,98,1.0,0.0,0.0,0.0,1.0,0.0,0.0,0.0,1.0,0.0,0.0,0.0,1.0,0.0,0.0,"Epilepsy 4, Autism 3"
CACNA2D3,2,10,0.0,0.002786892288213907,2,2,1,0.0,0.0,0.0,0.0,0.0,1.0,0.0,1.0,0.0,0.0,0.0,0.0,0.0,1.0,0.0,Autism 2
CACNG2,7,15,0.012607726713107984,0.008708723150943525,2,2,1,1.0,0.0,0.0,1.0,0.0,0.0,0.0,0.0,0.0,0.0,0.0,0.0,0.0,0.0,1.0,Epilepsy 3
CADM4,0,1,0.0,0.0,19,98,25,1.0,0.0,0.0,0.0,0.0,0.0,0.0,0.0,0.0,0.0,0.0,0.0,0.0,0.0,0.0,
CC2D1A,0,4,0.0,0.002426091293032243,4,169,3,1.0,0.0,0.0,0.0,0.0,0.0,0.0,1.0,0.0,0.0,0.0,0.0,0.0,1.0,0.0,Autism 2
CCDC66,0,0,0.0,0.0,79,132,129,1.0,0.0,0.0,0.0,0.0,0.0,0.0,0.0,0.0,0.0,0.0,0.0,0.0,0.0,0.0,
CD101,0,1,0.0,0.0,3,96,2,1.0,0.0,0.0,0.0,0.0,0.0,0.0,0.0,0.0,0.0,0.0,0.0,0.0,0.0,0.0,
CDAN1,0,0,0.0,0.0,22,17,34,1.0,0.0,0.0,0.0,0.0,0.0,0.0,0.0,0.0,0.0,0.0,0.0,0.0,0.0,0.0,
CDC20B,0,3,0.0,0.0,12,93,8,1.0,0.0,0.0,0.0,0.0,0.0,0.0,0.0,0.0,0.0,0.0,0.0,0.0,0.0,0.0,
CDK5RAP2,2,2,0.0029220627425312075,0.0,8,7,3,1.0,0.0,0.0,0.0,0.0,0.0,0.0,0.0,0.0,0.0,0.0,0.0,0.0,0.0,0.0,
CELF4,0,3,0.0,0.0,5,18,7,0.0,0.0,0.0,0.0,1.0,1.0,0.0,1.0,0.0,0.0,0.0,0.0,1.0,0.0,0.0,"Epilepsy 4, Autism 2"
CEPT1,1,1,0.0,0.0,11,12,11,1.0,0.0,0.0,0.0,0.0,0.0,0.0,0.0,0.0,0.0,0.0,0.0,0.0,0.0,0.0,
CHD2,0,7,0.0,0.00022650588771024508,2,67,1,0.0,1.0,0.0,0.0,0.0,1.0,1.0,0.0,0.0,0.0,0.0,1.0,1.0,0.0,0.0,"Epilepsy 1, Autism 1"
CHD8,5,2,0.011916270141876772,0.0,7,9,4,0.0,0.0,0.0,1.0,0.0,1.0,1.0,0.0,0.0,0.0,0.0,0.0,1.0,0.0,0.0,"Epilepsy 3, Autism 1"
CLK1,0,0,0.0,0.0,28,30,45,1.0,0.0,0.0,0.0,0.0,0.0,0.0,0.0,0.0,0.0,0.0,0.0,0.0,0.0,0.0,
CMTM1,0,0,0.0,0.0,70,113,113,1.0,0.0,0.0,0.0,0.0,0.0,0.0,0.0,0.0,0.0,0.0,0.0,0.0,0.0,0.0,
CMTR2,0,0,0.0,0.0,49,72,79,1.0,0.0,0.0,0.0,0.0,0.0,0.0,0.0,0.0,0.0,0.0,0.0,0.0,0.0,0.0,
CNN3,0,0,0.0,0.0,27,28,44,1.0,0.0,0.0,0.0,0.0,0.0,0.0,0.0,0.0,0.0,0.0,0.0,0.0,0.0,0.0,
COBLL1,0,0,0.0,0.0,67,102,107,1.0,0.0,0.0,0.0,0.0,0.0,0.0,0.0,0.0,0.0,0.0,0.0,0.0,0.0,0.0,
COL6A2,0,0,0.0,0.0,91,159,149,1.0,0.0,0.0,0.0,1.0,0.0,0.0,0.0,0.0,0.0,0.0,0.0,0.0,0.0,1.0,Epilepsy 4
COLQ,0,0,0.0,0.0,90,156,148,1.0,0.0,0.0,0.0,0.0,0.0,0.0,0.0,0.0,0.0,0.0,0.0,0.0,0.0,0.0,
CORO1A,0,1,0.0,0.0,3,27,3,0.0,0.0,0.0,1.0,0.0,1.0,0.0,0.0,0.0,0.0,0.0,0.0,0.0,0.0,1.0,Epilepsy 3
CREBBP,17,10,0.02476446397423434,0.01927618508531773,1,1,2,0.0,0.0,0.0,0.0,1.0,1.0,1.0,0.0,0.0,0.0,0.0,0.0,1.0,0.0,0.0,"Epilepsy 4, Autism 1"
CRIPAK,0,0,0.0,0.0,59,86,91,1.0,0.0,0.0,0.0,0.0,0.0,0.0,0.0,0.0,0.0,0.0,0.0,0.0,0.0,0.0,
CSNK2B,2,11,0.0,0.009968848193786387,1,4,2,1.0,0.0,0.0,0.0,0.0,0.0,0.0,0.0,0.0,0.0,0.0,0.0,0.0,0.0,0.0,
CTNNB1,17,7,0.06683231153112155,1.83115931865289e-05,1,1,2,0.0,0.0,0.0,0.0,0.0,1.0,1.0,0.0,0.0,0.0,0.0,0.0,0.0,1.0,0.0,Autism 1
CTSA,2,1,0.0,0.0,6,7,23,1.0,0.0,0.0,0.0,0.0,0.0,0.0,0.0,0.0,0.0,0.0,0.0,0.0,0.0,0.0,
CUL7,4,0,0.0,0.0,10,10,150,1.0,0.0,0.0,0.0,0.0,0.0,0.0,1.0,0.0,0.0,0.0,0.0,0.0,1.0,0.0,Autism 2
CYP4F11,0,0,0.0,0.0,44,66,73,1.0,0.0,0.0,0.0,0.0,0.0,0.0,0.0,0.0,0.0,0.0,0.0,0.0,0.0,0.0,
DDIAS,0,0,0.0,0.0,65,94,103,1.0,0.0,0.0,0.0,0.0,0.0,0.0,0.0,0.0,0.0,0.0,0.0,0.0,0.0,0.0,
DEAF1,0,1,0.0,0.0,14,43,13,0.0,0.0,0.0,1.0,0.0,1.0,0.0,1.0,0.0,1.0,0.0,0.0,1.0,0.0,0.0,"Epilepsy 3, Autism 2, Autism S"
DEPDC5,1,0,0.0,0.0,12,16,49,1.0,1.0,0.0,0.0,0.0,0.0,0.0,0.0,0.0,1.0,0.0,0.0,1.0,0.0,0.0,"Epilepsy 1, Autism S"
DGKD,0,4,0.0,0.0,7,95,4,1.0,0.0,0.0,0.0,1.0,0.0,0.0,0.0,0.0,0.0,0.0,0.0,0.0,0.0,1.0,Epilepsy 4
DHTKD1,0,0,0.0,0.0,77,126,124,1.0,0.0,0.0,1.0,0.0,0.0,0.0,0.0,0.0,0.0,0.0,0.0,0.0,0.0,1.0,Epilepsy 3
DIP2A,0,1,0.0,0.0,4,60,18,0.0,0.0,0.0,0.0,0.0,1.0,0.0,1.0,0.0,0.0,0.0,0.0,0.0,1.0,0.0,Autism 2
DLG4,9,7,0.01772540145243403,0.007963509695218614,2,2,1,1.0,0.0,0.0,0.0,0.0,0.0,1.0,0.0,0.0,0.0,0.0,0.0,0.0,1.0,0.0,Autism 1
DNAH17,3,3,0.0,0.0,6,7,15,1.0,0.0,0.0,0.0,0.0,0.0,0.0,0.0,1.0,0.0,0.0,0.0,0.0,1.0,0.0,Autism 3
DNAH3,3,3,0.0,0.0,6,7,15,1.0,0.0,0.0,0.0,0.0,0.0,0.0,0.0,1.0,0.0,0.0,0.0,0.0,1.0,0.0,Autism 3
DNAH8,3,4,0.0,0.006031137500584412,6,7,15,1.0,0.0,0.0,0.0,0.0,0.0,0.0,0.0,0.0,0.0,0.0,0.0,0.0,0.0,0.0,
DNAJC13,1,1,0.0,0.0,5,15,30,1.0,0.0,0.0,0.0,0.0,0.0,0.0,0.0,0.0,0.0,0.0,0.0,0.0,0.0,0.0,
DNMT3A,2,0,0.0,0.0,1,1,140,1.0,0.0,0.0,1.0,0.0,1.0,1.0,0.0,0.0,0.0,1.0,0.0,1.0,0.0,0.0,"Epilepsy 3, Autism 1"
DPYSL2,0,0,0.0,0.0,68,106,111,0.0,0.0,0.0,0.0,0.0,1.0,0.0,1.0,0.0,0.0,0.0,0.0,0.0,1.0,0.0,Autism 2
DSCAM,0,1,0.0,0.0,20,88,24,0.0,0.0,0.0,0.0,0.0,1.0,1.0,0.0,0.0,0.0,0.0,0.0,0.0,1.0,0.0,Autism 1
DYNC1H1,11,0,0.0382349642180692,0.0,6,7,51,1.0,0.0,0.0,1.0,0.0,1.0,0.0,1.0,0.0,0.0,1.0,0.0,1.0,0.0,0.0,"Epilepsy 3, Autism 2"
DYRK1A,2,3,0.0009573455982825286,0.0009451645547359209,7,9,10,0.0,0.0,0.0,1.0,0.0,1.0,1.0,0.0,0.0,0.0,0.0,0.0,1.0,0.0,0.0,"Epilepsy 3, Autism 1"
EEF1A2,0,8,0.0,0.00029072327365356926,2,58,1,1.0,1.0,0.0,0.0,0.0,0.0,0.0,0.0,0.0,1.0,0.0,0.0,1.0,0.0,0.0,"Epilepsy 1, Autism S"
EGFR,14,10,0.03808384043050289,0.0031610249025134183,3,8,2,1.0,0.0,0.0,0.0,0.0,0.0,0.0,0.0,0.0,0.0,0.0,0.0,0.0,0.0,0.0,
EIF3A,2,2,0.0,0.0,5,5,7,1.0,0.0,0.0,0.0,0.0,0.0,0.0,0.0,0.0,0.0,0.0,0.0,0.0,0.0,0.0,
EIF3G,2,5,0.0,0.00014025901164149796,5,5,7,0.0,0.0,0.0,0.0,0.0,1.0,0.0,0.0,1.0,0.0,0.0,0.0,0.0,1.0,0.0,Autism 3
EIF4A3,4,0,0.004109777010044239,0.0,5,5,143,1.0,0.0,0.0,0.0,0.0,0.0,0.0,0.0,0.0,0.0,0.0,0.0,0.0,0.0,0.0,
EIF4G1,6,1,0.013864970938731182,0.0,5,5,30,1.0,0.0,0.0,0.0,0.0,0.0,0.0,0.0,0.0,0.0,0.0,0.0,0.0,0.0,0.0,
ELAVL3,1,3,0.0,0.0,5,2,7,0.0,0.0,0.0,0.0,0.0,1.0,0.0,1.0,0.0,0.0,0.0,0.0,0.0,1.0,0.0,Autism 2
ELTD1,0,0,0.0,0.0,33,38,53,1.0,0.0,0.0,0.0,0.0,0.0,0.0,0.0,0.0,0.0,0.0,0.0,0.0,0.0,0.0,
EYA4,2,0,0.0,0.0,8,4,37,1.0,0.0,0.0,0.0,0.0,0.0,0.0,0.0,0.0,0.0,0.0,0.0,0.0,0.0,0.0,
F13B,0,0,0.0,0.0,34,39,54,1.0,0.0,0.0,0.0,0.0,0.0,0.0,0.0,0.0,0.0,0.0,0.0,0.0,0.0,0.0,
FBXL6,0,1,0.0,0.0,1,52,33,1.0,0.0,0.0,0.0,0.0,0.0,0.0,0.0,0.0,0.0,0.0,0.0,0.0,0.0,0.0,
FDXR,0,0,0.0,0.0,82,138,135,1.0,0.0,0.0,0.0,0.0,0.0,0.0,0.0,0.0,0.0,0.0,0.0,0.0,0.0,0.0,
FOXP1,0,0,0.0,0.0,41,51,63,0.0,0.0,0.0,0.0,0.0,1.0,1.0,0.0,0.0,0.0,0.0,0.0,0.0,1.0,0.0,Autism 1
FOXP2,1,1,0.0,0.0,4,2,3,0.0,0.0,0.0,0.0,0.0,1.0,0.0,1.0,0.0,0.0,0.0,0.0,0.0,1.0,0.0,Autism 2
FXR1,2,2,8.960992410429035e-05,0.0,5,5,7,1.0,0.0,0.0,0.0,0.0,0.0,0.0,0.0,0.0,0.0,0.0,0.0,0.0,0.0,0.0,
GABRA1,5,6,0.0028799850390387577,0.0001335714482659174,2,6,1,1.0,1.0,0.0,0.0,0.0,0.0,0.0,0.0,0.0,0.0,0.0,0.0,0.0,0.0,1.0,Epilepsy 1
GABRB2,3,8,0.0,0.0004497232823962269,2,6,1,0.0,0.0,0.0,0.0,1.0,1.0,0.0,0.0,0.0,0.0,0.0,0.0,0.0,0.0,1.0,Epilepsy 4
GABRB3,3,7,0.0,0.0023301313408263754,2,6,1,0.0,1.0,0.0,0.0,0.0,1.0,0.0,1.0,0.0,0.0,0.0,0.0,1.0,0.0,0.0,"Epilepsy 1, Autism 2"
GABRG2,5,8,0.0028799850390387577,0.00020597299795925802,2,6,1,1.0,1.0,0.0,0.0,0.0,0.0,0.0,0.0,0.0,0.0,0.0,0.0,0.0,0.0,1.0,Epilepsy 1
GAL3ST3,0,0,0.0,0.0,88,149,142,1.0,0.0,0.0,0.0,0.0,0.0,0.0,0.0,0.0,0.0,0.0,0.0,0.0,0.0,0.0,
GBF1,3,3,0.0029220627425312075,1.168825097012483e-05,6,7,16,1.0,0.0,0.0,0.0,0.0,0.0,0.0,0.0,0.0,0.0,0.0,0.0,0.0,0.0,0.0,
GFAP,2,0,0.0029220627425312075,0.0,5,2,60,0.0,0.0,0.0,1.0,0.0,1.0,0.0,0.0,0.0,0.0,0.0,0.0,0.0,0.0,1.0,Epilepsy 3
GGA2,0,1,0.0,0.0,6,135,23,1.0,0.0,0.0,0.0,0.0,0.0,0.0,0.0,0.0,0.0,0.0,0.0,0.0,0.0,0.0,
GIGYF1,0,0,0.0,0.0,31,35,48,0.0,0.0,0.0,0.0,0.0,1.0,1.0,0.0,0.0,0.0,0.0,0.0,0.0,1.0,0.0,Autism 1
GLDC,1,2,0.0,7.012950582074898e-05,11,11,11,1.0,0.0,0.0,1.0,0.0,0.0,0.0,0.0,0.0,0.0,0.0,0.0,0.0,0.0,1.0,Epilepsy 3
GLI1,3,5,0.005357059629115357,0.01514797325728178,9,9,6,1.0,0.0,0.0,0.0,0.0,0.0,0.0,0.0,0.0,0.0,0.0,0.0,0.0,0.0,0.0,
GNAI1,6,14,0.02070179244135484,0.018336508473276183,3,9,2,0.0,0.0,0.0,0.0,0.0,1.0,0.0,0.0,0.0,0.0,0.0,0.0,0.0,0.0,0.0,
GPRC5C,0,0,0.0,0.0,66,99,105,1.0,0.0,0.0,0.0,0.0,0.0,0.0,0.0,0.0,0.0,0.0,0.0,0.0,0.0,0.0,
GRIA2,4,2,0.028294801117864372,0.00018701201552199728,2,2,4,0.0,0.0,0.0,0.0,0.0,1.0,0.0,1.0,0.0,0.0,0.0,0.0,0.0,1.0,0.0,Autism 2
GRIN2B,6,12,0.008835044986805225,0.010430774065128542,2,2,1,0.0,1.0,0.0,0.0,0.0,1.0,1.0,0.0,0.0,0.0,0.0,1.0,1.0,0.0,0.0,"Epilepsy 1, Autism 1"
GSTA1,0,0,0.0,0.0,24,20,36,1.0,0.0,0.0,0.0,0.0,0.0,0.0,0.0,0.0,0.0,0.0,0.0,0.0,0.0,0.0,
GTF3C4,1,3,0.0,0.0,1,14,2,1.0,0.0,0.0,0.0,0.0,0.0,0.0,0.0,0.0,0.0,0.0,0.0,0.0,0.0,0.0,
GTPBP2,0,1,0.0,0.0,4,128,29,1.0,0.0,0.0,0.0,0.0,0.0,0.0,0.0,0.0,0.0,0.0,0.0,0.0,0.0,0.0,
GTPBP6,0,0,0.0,0.0,48,71,77,1.0,0.0,0.0,0.0,0.0,0.0,0.0,0.0,0.0,0.0,0.0,0.0,0.0,0.0,0.0,
HDLBP,0,2,0.0,0.0,16,129,17,0.0,0.0,0.0,0.0,0.0,1.0,0.0,0.0,1.0,0.0,0.0,0.0,0.0,1.0,0.0,Autism 3
HECTD4,0,0,0.0,0.0,42,61,71,0.0,0.0,0.0,0.0,0.0,1.0,1.0,0.0,0.0,0.0,0.0,0.0,0.0,1.0,0.0,Autism 1
HECW2,4,1,0.0,0.0,10,10,22,1.0,0.0,0.0,0.0,1.0,0.0,0.0,1.0,0.0,0.0,0.0,0.0,1.0,0.0,0.0,"Epilepsy 4, Autism 2"
HGS,4,1,0.0009086780254202759,0.0,3,8,3,1.0,0.0,0.0,0.0,0.0,0.0,0.0,0.0,0.0,0.0,0.0,0.0,0.0,0.0,0.0,
HK3,0,3,0.0,0.0009966621570525174,3,110,2,1.0,0.0,0.0,0.0,0.0,0.0,0.0,0.0,0.0,0.0,0.0,0.0,0.0,0.0,0.0,
HPS3,0,2,0.0,4.675300388049932e-05,15,22,14,1.0,0.0,0.0,0.0,0.0,0.0,0.0,0.0,0.0,0.0,0.0,0.0,0.0,0.0,0.0,
HSD17B4,3,2,0.0,0.0,1,1,1,1.0,0.0,0.0,1.0,0.0,0.0,0.0,0.0,0.0,0.0,0.0,0.0,0.0,0.0,1.0,Epilepsy 3
HSF4,0,0,0.0,0.0,61,89,93,1.0,0.0,0.0,0.0,0.0,0.0,0.0,0.0,0.0,0.0,0.0,0.0,0.0,0.0,0.0,
HTR5A,2,1,0.0,0.0,3,9,4,1.0,0.0,0.0,0.0,0.0,0.0,0.0,0.0,0.0,0.0,0.0,0.0,0.0,0.0,0.0,
INPPL1,1,2,0.0,0.0,7,4,4,1.0,0.0,0.0,0.0,0.0,0.0,0.0,0.0,0.0,0.0,0.0,0.0,0.0,0.0,0.0,
INSC,0,1,0.0,0.0,18,104,31,1.0,0.0,0.0,0.0,0.0,0.0,0.0,0.0,0.0,0.0,0.0,0.0,0.0,0.0,0.0,
IQGAP2,2,1,0.0029220627425312075,0.0,5,1,27,1.0,0.0,0.0,0.0,0.0,0.0,0.0,0.0,0.0,0.0,0.0,0.0,0.0,0.0,0.0,
IRF2BPL,0,2,0.0,0.0,1,133,1,0.0,0.0,0.0,0.0,0.0,1.0,1.0,0.0,0.0,0.0,0.0,0.0,0.0,1.0,0.0,Autism 1
ITGA6,2,0,0.0029220627425312075,0.0,3,8,78,1.0,0.0,0.0,0.0,0.0,0.0,0.0,0.0,0.0,0.0,0.0,0.0,0.0,0.0,0.0,
ITGB6,1,1,0.0,0.0,3,8,28,1.0,0.0,0.0,0.0,0.0,0.0,0.0,0.0,0.0,0.0,0.0,0.0,0.0,0.0,0.0,
JUN,14,14,0.02000199387332679,0.015454983919765021,1,1,2,1.0,0.0,0.0,0.0,0.0,0.0,0.0,0.0,0.0,0.0,0.0,0.0,0.0,0.0,0.0,
KAT5,10,11,0.01245071819152569,0.03134445859957635,8,4,2,1.0,0.0,0.0,0.0,0.0,0.0,0.0,0.0,0.0,0.0,0.0,0.0,0.0,0.0,0.0,
KCNB1,0,17,0.0,0.004885947597732116,2,33,1,1.0,1.0,0.0,0.0,0.0,0.0,1.0,0.0,0.0,0.0,0.0,1.0,1.0,0.0,0.0,"Epilepsy 1, Autism 1"
KCNJ14,2,10,0.0,0.00021635338241213705,2,6,1,1.0,0.0,0.0,0.0,0.0,0.0,0.0,0.0,0.0,0.0,0.0,0.0,0.0,0.0,0.0,
KCNMA1,0,6,0.0,0.0002236318295931528,2,41,1,0.0,1.0,0.0,0.0,0.0,1.0,0.0,0.0,1.0,0.0,0.0,0.0,1.0,0.0,0.0,"Epilepsy 1, Autism 3"
KCNQ3,5,12,0.005802047781569965,0.0011410567541388554,2,6,1,0.0,1.0,0.0,0.0,0.0,1.0,0.0,1.0,0.0,0.0,0.0,0.0,1.0,0.0,0.0,"Epilepsy 1, Autism 2"
KCNQ4,2,13,0.0,0.002759366861806459,2,6,1,1.0,0.0,0.0,0.0,0.0,0.0,0.0,0.0,0.0,0.0,0.0,0.0,0.0,0.0,0.0,
KCNT2,0,13,0.0,0.000491507901757208,2,115,1,1.0,0.0,0.0,0.0,0.0,0.0,0.0,0.0,0.0,0.0,0.0,0.0,0.0,0.0,0.0,
KDM5B,2,3,0.0,0.0008605152243180275,4,3,3,0.0,0.0,0.0,0.0,0.0,1.0,0.0,1.0,0.0,0.0,0.0,0.0,0.0,1.0,0.0,Autism 2
KDM6B,4,1,0.0037786352872378397,0.0,4,3,5,0.0,0.0,0.0,0.0,0.0,1.0,1.0,0.0,0.0,0.0,0.0,0.0,0.0,1.0,0.0,Autism 1
KIAA0232,0,0,0.0,0.0,60,87,92,0.0,0.0,0.0,0.0,0.0,1.0,0.0,0.0,0.0,0.0,0.0,0.0,0.0,0.0,0.0,
KIAA1919,0,0,0.0,0.0,93,165,154,1.0,0.0,0.0,0.0,0.0,0.0,0.0,0.0,0.0,0.0,0.0,0.0,0.0,0.0,0.0,
KMT2C,8,4,0.006331808009140776,0.001998690915891346,4,3,5,0.0,0.0,0.0,0.0,0.0,1.0,1.0,0.0,0.0,0.0,0.0,0.0,0.0,1.0,0.0,Autism 1
KMT2E,3,2,0.0,0.0,4,3,5,0.0,0.0,0.0,0.0,0.0,1.0,0.0,1.0,0.0,1.0,0.0,0.0,0.0,1.0,0.0,"Autism 2, Autism S"
KMT5B,2,6,0.0,0.00515999853532595,4,3,10,0.0,0.0,0.0,0.0,0.0,1.0,1.0,0.0,0.0,0.0,0.0,0.0,0.0,1.0,0.0,Autism 1
L3MBTL4,0,7,0.0,0.0003915564074991818,7,168,4,1.0,0.0,0.0,0.0,0.0,0.0,0.0,0.0,0.0,0.0,0.0,0.0,0.0,0.0,0.0,
LASP1,0,0,0.0,0.0,52,76,82,1.0,0.0,0.0,0.0,0.0,0.0,0.0,0.0,0.0,0.0,0.0,0.0,0.0,0.0,0.0,
LDB1,3,1,0.0,0.0,1,1,19,0.0,0.0,0.0,0.0,0.0,1.0,0.0,0.0,0.0,0.0,0.0,0.0,0.0,0.0,0.0,
LDLR,3,0,0.0,0.0,3,8,131,1.0,0.0,0.0,0.0,0.0,0.0,0.0,0.0,0.0,0.0,0.0,0.0,0.0,0.0,0.0,
LETM2,0,0,0.0,0.0,38,47,59,1.0,0.0,0.0,0.0,0.0,0.0,0.0,0.0,0.0,0.0,0.0,0.0,0.0,0.0,0.0,
LGI1,2,0,0.0,0.0,2,2,70,1.0,1.0,0.0,0.0,0.0,0.0,0.0,0.0,0.0,0.0,0.0,0.0,0.0,0.0,1.0,Epilepsy 1
LMF2,0,2,0.0,0.0,16,107,17,1.0,0.0,0.0,0.0,0.0,0.0,0.0,0.0,0.0,0.0,0.0,0.0,0.0,0.0,0.0,
LRIG2,1,0,0.0,0.0,3,8,68,1.0,0.0,0.0,0.0,0.0,0.0,0.0,0.0,0.0,0.0,0.0,0.0,0.0,0.0,0.0,
LRRC4C,0,1,0.0,0.0,20,124,24,0.0,0.0,0.0,0.0,0.0,1.0,0.0,0.0,0.0,0.0,0.0,0.0,0.0,0.0,0.0,
LRRFIP2,0,2,0.0,4.675300388049932e-05,14,152,13,1.0,0.0,0.0,0.0,0.0,0.0,0.0,0.0,0.0,0.0,0.0,0.0,0.0,0.0,0.0,
LY75-CD302,0,0,0.0,0.0,86,145,139,1.0,0.0,0.0,0.0,0.0,0.0,0.0,0.0,0.0,0.0,0.0,0.0,0.0,0.0,0.0,
LYZL2,0,0,0.0,0.0,69,112,112,1.0,0.0,0.0,0.0,0.0,0.0,0.0,0.0,0.0,0.0,0.0,0.0,0.0,0.0,0.0,
M1AP,0,0,0.0,0.0,92,162,152,1.0,0.0,0.0,0.0,0.0,0.0,0.0,0.0,0.0,0.0,0.0,0.0,0.0,0.0,0.0,
MAP1A,1,0,0.0,0.0,2,2,126,0.0,0.0,0.0,0.0,0.0,1.0,0.0,0.0,0.0,0.0,0.0,0.0,0.0,0.0,0.0,
MAP3K1,1,1,0.0,0.0,1,1,20,1.0,0.0,0.0,0.0,0.0,0.0,0.0,0.0,0.0,0.0,0.0,0.0,0.0,0.0,0.0,
MAP3K4,0,0,0.0,0.0,62,90,95,1.0,0.0,0.0,0.0,0.0,0.0,0.0,0.0,0.0,0.0,0.0,0.0,0.0,0.0,0.0,
MARK3,2,0,0.001361100243088279,0.0,5,5,101,1.0,0.0,0.0,0.0,0.0,0.0,0.0,0.0,0.0,0.0,0.0,0.0,0.0,0.0,0.0,
MBD5,0,2,0.0,0.0,7,55,10,0.0,0.0,0.0,1.0,0.0,1.0,1.0,0.0,0.0,0.0,0.0,0.0,1.0,0.0,0.0,"Epilepsy 3, Autism 1"
MBNL2,0,0,0.0,0.0,73,119,117,1.0,0.0,0.0,0.0,0.0,0.0,0.0,0.0,0.0,0.0,0.0,0.0,0.0,0.0,0.0,
MBOAT2,1,2,0.0,7.012950582074898e-05,11,12,11,1.0,0.0,0.0,0.0,0.0,0.0,0.0,0.0,0.0,0.0,0.0,0.0,0.0,0.0,0.0,
MCF2L2,0,1,0.0,0.0,15,78,14,1.0,0.0,0.0,0.0,0.0,0.0,0.0,0.0,0.0,0.0,0.0,0.0,0.0,0.0,0.0,
MED12,6,0,0.0077995479395239695,0.0,1,1,151,1.0,0.0,0.0,0.0,1.0,0.0,0.0,0.0,0.0,0.0,0.0,0.0,0.0,0.0,1.0,Epilepsy 4
MED13L,6,0,0.0023659043903094586,0.0,1,1,41,0.0,0.0,0.0,1.0,0.0,1.0,1.0,0.0,0.0,0.0,0.0,0.0,1.0,0.0,0.0,"Epilepsy 3, Autism 1"
MEFV,0,2,0.0,0.0,13,148,12,1.0,0.0,0.0,0.0,0.0,0.0,0.0,0.0,0.0,0.0,0.0,0.0,0.0,0.0,0.0,
MEI1,0,0,0.0,0.0,36,44,57,1.0,0.0,0.0,0.0,0.0,0.0,0.0,0.0,0.0,0.0,0.0,0.0,0.0,0.0,0.0,
METTL20,0,0,0.0,0.0,80,136,132,1.0,0.0,0.0,0.0,0.0,0.0,0.0,0.0,0.0,0.0,0.0,0.0,0.0,0.0,0.0,
MKX,0,0,0.0,0.0,81,137,133,0.0,0.0,0.0,0.0,0.0,1.0,0.0,0.0,0.0,0.0,0.0,0.0,0.0,0.0,0.0,
MSH3,2,0,0.0,0.0,4,4,134,1.0,0.0,0.0,0.0,0.0,0.0,0.0,0.0,0.0,0.0,0.0,0.0,0.0,0.0,0.0,
MST1,0,0,0.0,0.0,29,31,46,1.0,0.0,0.0,0.0,0.0,0.0,0.0,0.0,0.0,0.0,0.0,0.0,0.0,0.0,0.0,
MTMR11,0,0,0.0,0.0,84,143,137,1.0,0.0,0.0,0.0,1.0,0.0,0.0,0.0,0.0,0.0,0.0,0.0,0.0,0.0,1.0,Epilepsy 4
MTRF1,0,0,0.0,0.0,95,167,156,1.0,0.0,0.0,0.0,0.0,0.0,0.0,0.0,0.0,0.0,0.0,0.0,0.0,0.0,0.0,
MYH3,1,0,0.0,0.0,5,1,65,1.0,0.0,0.0,0.0,0.0,0.0,0.0,0.0,0.0,0.0,0.0,0.0,0.0,0.0,0.0,
MYO10,0,1,0.0,0.0,6,79,21,1.0,0.0,0.0,0.0,0.0,0.0,0.0,0.0,0.0,0.0,0.0,0.0,0.0,0.0,0.0,
MYO5C,0,2,0.0,7.012950582074898e-05,13,141,12,1.0,0.0,0.0,0.0,0.0,0.0,0.0,0.0,1.0,0.0,0.0,0.0,0.0,1.0,0.0,Autism 3
MYT1L,0,0,0.0,0.0,56,83,87,0.0,0.0,0.0,1.0,0.0,1.0,1.0,0.0,0.0,0.0,0.0,0.0,1.0,0.0,0.0,"Epilepsy 3, Autism 1"
NACC1,0,0,0.0,0.0,64,92,99,0.0,0.0,0.0,0.0,0.0,1.0,0.0,0.0,1.0,1.0,0.0,0.0,0.0,1.0,0.0,"Autism 3, Autism S"
NCOA1,11,9,0.012854512994187597,0.0010161904612740638,1,1,2,0.0,0.0,0.0,0.0,0.0,1.0,0.0,0.0,0.0,0.0,0.0,0.0,0.0,0.0,0.0,
NEBL,0,0,0.0,0.0,39,48,61,1.0,0.0,0.0,0.0,0.0,0.0,0.0,0.0,0.0,0.0,0.0,0.0,0.0,0.0,0.0,
NEXMIF,0,0,0.0,0.0,45,68,74,1.0,0.0,0.0,0.0,1.0,0.0,1.0,0.0,0.0,0.0,0.0,0.0,1.0,0.0,0.0,"Epilepsy 4, Autism 1"
NPC1L1,0,2,0.0,0.0,16,36,17,1.0,0.0,0.0,0.0,1.0,0.0,0.0,0.0,0.0,0.0,0.0,0.0,0.0,0.0,1.0,Epilepsy 4
NR3C2,2,0,0.006957133524651012,0.0,6,7,69,0.0,0.0,0.0,0.0,0.0,1.0,0.0,1.0,0.0,1.0,0.0,0.0,0.0,1.0,0.0,"Autism 2, Autism S"
NRG3,1,0,0.0,0.0,3,8,100,1.0,0.0,0.0,0.0,1.0,0.0,0.0,0.0,0.0,0.0,0.0,0.0,0.0,0.0,1.0,Epilepsy 4
NRXN1,3,0,0.006008085672282219,0.0,2,2,102,0.0,0.0,0.0,1.0,0.0,1.0,1.0,0.0,0.0,0.0,0.0,0.0,1.0,0.0,0.0,"Epilepsy 3, Autism 1"
NSD1,0,3,0.0,1.168825097012483e-05,4,121,5,0.0,0.0,0.0,1.0,0.0,1.0,1.0,0.0,0.0,0.0,0.0,0.0,1.0,0.0,0.0,"Epilepsy 3, Autism 1"
NUP155,1,0,0.0,0.0,5,5,97,1.0,0.0,0.0,0.0,0.0,1.0,0.0,0.0,0.0,0.0,1.0,0.0,0.0,0.0,0.0,
PASK,1,0,0.0,0.0,4,3,104,1.0,0.0,0.0,0.0,0.0,0.0,0.0,0.0,0.0,0.0,0.0,0.0,0.0,0.0,0.0,
PAX5,0,1,0.0,0.0,1,158,19,0.0,0.0,0.0,0.0,0.0,1.0,0.0,1.0,0.0,0.0,0.0,0.0,0.0,1.0,0.0,Autism 2
PCCB,1,1,0.0,0.0,11,11,11,1.0,0.0,0.0,0.0,0.0,0.0,0.0,0.0,0.0,1.0,0.0,0.0,0.0,1.0,0.0,Autism S
PHF12,4,2,0.0037825499236738666,2.337650194024966e-05,4,3,18,0.0,0.0,0.0,0.0,0.0,1.0,0.0,0.0,0.0,0.0,0.0,0.0,0.0,0.0,0.0,
PHF2,0,5,0.0,0.011758380475945579,1,56,5,0.0,0.0,0.0,0.0,0.0,1.0,0.0,1.0,0.0,0.0,0.0,0.0,0.0,1.0,0.0,Autism 2
PHF21A,4,1,0.0020788110933746546,0.0,4,4,18,0.0,0.0,0.0,0.0,0.0,1.0,1.0,0.0,0.0,0.0,0.0,0.0,0.0,1.0,0.0,Autism 1
PI4K2A,1,0,0.0,0.0,1,4,94,1.0,0.0,0.0,0.0,0.0,0.0,0.0,0.0,0.0,0.0,0.0,0.0,0.0,0.0,0.0,
PLEKHG5,0,0,0.0,0.0,23,19,35,1.0,0.0,0.0,0.0,0.0,0.0,0.0,0.0,0.0,0.0,0.0,0.0,0.0,0.0,0.0,
POC1A,0,3,0.0,0.0,12,105,8,1.0,0.0,0.0,0.0,0.0,0.0,0.0,0.0,0.0,0.0,0.0,0.0,0.0,0.0,0.0,
POGZ,2,1,0.0,0.0,7,9,10,0.0,0.0,0.0,1.0,0.0,1.0,1.0,0.0,0.0,0.0,0.0,0.0,1.0,0.0,0.0,"Epilepsy 3, Autism 1"
POLR3C,1,0,0.0,0.0,1,14,110,1.0,0.0,0.0,0.0,0.0,0.0,0.0,0.0,0.0,0.0,0.0,0.0,0.0,0.0,0.0,
POM121L12,0,0,0.0,0.0,43,65,72,1.0,0.0,0.0,0.0,0.0,0.0,0.0,0.0,0.0,0.0,0.0,0.0,0.0,0.0,0.0,
PPARG,9,0,0.005220170965075501,0.0,1,1,127,1.0,0.0,0.0,0.0,0.0,0.0,0.0,0.0,0.0,0.0,0.0,0.0,0.0,0.0,0.0,
PPFIA3,0,6,0.0,9.935013324606105e-05,7,82,4,1.0,0.0,0.0,0.0,0.0,0.0,0.0,0.0,0.0,0.0,0.0,0.0,0.0,0.0,0.0,
PPFIBP2,0,6,0.0,6.428538033568657e-05,7,54,4,1.0,0.0,0.0,0.0,0.0,0.0,0.0,0.0,0.0,0.0,0.0,0.0,0.0,0.0,0.0,
PPP1R9B,0,0,0.0,0.0,54,80,84,0.0,0.0,0.0,0.0,0.0,1.0,0.0,0.0,0.0,0.0,0.0,0.0,0.0,0.0,0.0,
PPP2R5D,6,9,0.03761329626838461,0.0008906487521619653,5,5,2,0.0,0.0,0.0,1.0,0.0,1.0,1.0,0.0,0.0,0.0,0.0,0.0,1.0,0.0,0.0,"Epilepsy 3, Autism 1"
PPP5C,4,2,0.00042836512166541624,0.0,8,4,2,0.0,0.0,0.0,0.0,0.0,1.0,0.0,0.0,0.0,0.0,0.0,0.0,0.0,0.0,0.0,
PRR12,0,0,0.0,0.0,75,123,121,0.0,0.0,0.0,0.0,0.0,1.0,0.0,0.0,0.0,1.0,0.0,0.0,0.0,1.0,0.0,Autism S
PSG4,0,1,0.0,0.0,19,120,25,1.0,0.0,0.0,0.0,0.0,0.0,0.0,0.0,0.0,0.0,0.0,0.0,0.0,0.0,0.0,
PTEN,10,2,0.014007800829194731,0.0,1,4,2,0.0,0.0,0.0,1.0,0.0,1.0,1.0,0.0,0.0,0.0,0.0,0.0,1.0,0.0,0.0,"Epilepsy 3, Autism 1"
PTK7,0,0,0.0,0.0,47,70,76,0.0,0.0,0.0,0.0,0.0,1.0,0.0,1.0,0.0,0.0,0.0,0.0,0.0,1.0,0.0,Autism 2
PTPRG,1,0,0.0,0.0,3,8,39,1.0,0.0,0.0,0.0,0.0,0.0,0.0,0.0,0.0,0.0,0.0,0.0,0.0,0.0,0.0,
QSOX2,0,0,0.0,0.0,25,23,38,1.0,0.0,0.0,0.0,0.0,0.0,0.0,0.0,0.0,0.0,0.0,0.0,0.0,0.0,0.0,
RAB40C,0,1,0.0,0.0,13,46,12,1.0,0.0,0.0,0.0,0.0,0.0,0.0,0.0,0.0,0.0,0.0,0.0,0.0,0.0,0.0,
RAD51C,3,2,0.0,0.0,8,4,2,1.0,0.0,0.0,0.0,0.0,0.0,0.0,0.0,0.0,0.0,0.0,0.0,0.0,0.0,0.0,
RAI1,0,2,0.0,4.675300388049932e-05,14,146,13,0.0,0.0,0.0,1.0,0.0,1.0,1.0,0.0,0.0,0.0,0.0,0.0,1.0,0.0,0.0,"Epilepsy 3, Autism 1"
RBM4,0,1,0.0,0.0,14,131,13,1.0,0.0,0.0,0.0,0.0,0.0,0.0,0.0,0.0,0.0,0.0,0.0,0.0,0.0,0.0,
RC3H2,1,0,0.0,0.0,10,10,130,1.0,0.0,0.0,0.0,0.0,0.0,0.0,0.0,0.0,0.0,0.0,0.0,0.0,0.0,0.0,
RECK,0,0,0.0,0.0,89,154,146,1.0,0.0,0.0,0.0,0.0,0.0,0.0,0.0,0.0,0.0,0.0,0.0,0.0,0.0,0.0,
RECQL5,0,0,0.0,0.0,35,42,55,1.0,0.0,0.0,0.0,0.0,0.0,0.0,0.0,0.0,0.0,0.0,0.0,0.0,0.0,0.0,
RFX3,0,0,0.0,0.0,26,24,40,0.0,0.0,0.0,0.0,1.0,1.0,1.0,0.0,0.0,0.0,0.0,0.0,1.0,0.0,0.0,"Epilepsy 4, Autism 1"
RINL,0,2,0.0,4.675300388049932e-05,15,103,14,1.0,0.0,0.0,0.0,0.0,0.0,0.0,0.0,0.0,0.0,0.0,0.0,0.0,0.0,0.0,
RNF168,4,0,0.008224057463152325,0.0,8,4,66,1.0,0.0,0.0,0.0,0.0,0.0,0.0,0.0,0.0,0.0,0.0,0.0,0.0,0.0,0.0,
RORB,1,1,0.0,0.0,1,1,20,0.0,0.0,0.0,0.0,1.0,1.0,1.0,0.0,0.0,0.0,0.0,0.0,1.0,0.0,0.0,"Epilepsy 4, Autism 1"
SATB1,0,0,0.0,0.0,55,81,86,0.0,0.0,0.0,0.0,0.0,1.0,0.0,0.0,0.0,0.0,0.0,0.0,0.0,0.0,0.0,
SCN1A,5,6,0.007771211105869108,0.000691941857145944,2,6,1,1.0,1.0,0.0,0.0,0.0,1.0,1.0,0.0,0.0,0.0,1.0,1.0,1.0,0.0,0.0,"Epilepsy 1, Autism 1"
SCN2A,6,15,0.008718933455363396,0.0030732611073414975,2,6,1,1.0,1.0,0.0,0.0,0.0,1.0,1.0,0.0,0.0,0.0,1.0,1.0,1.0,0.0,0.0,"Epilepsy 1, Autism 1"
SCN8A,2,12,0.0,0.0006102999910574028,2,6,1,1.0,1.0,0.0,0.0,0.0,0.0,1.0,0.0,0.0,0.0,0.0,1.0,1.0,0.0,0.0,"Epilepsy 1, Autism 1"
SCUBE3,0,0,0.0,0.0,58,85,90,1.0,0.0,0.0,0.0,0.0,0.0,0.0,0.0,0.0,0.0,0.0,0.0,0.0,0.0,0.0,
SEC61A2,1,4,0.0,0.00594334596285965,3,13,3,1.0,0.0,0.0,0.0,0.0,0.0,0.0,0.0,0.0,0.0,0.0,0.0,0.0,0.0,0.0,
SEPN1,0,0,0.0,0.0,46,69,75,1.0,0.0,0.0,0.0,0.0,0.0,0.0,0.0,0.0,0.0,0.0,0.0,0.0,0.0,0.0,
SETD2,6,2,0.0018527733065579624,0.0,4,3,5,1.0,0.0,0.0,1.0,0.0,0.0,1.0,0.0,0.0,0.0,0.0,0.0,1.0,0.0,0.0,"Epilepsy 3, Autism 1"
SETD5,2,1,8.905334072476061e-05,0.0,4,3,10,0.0,0.0,0.0,0.0,1.0,1.0,1.0,0.0,0.0,0.0,0.0,0.0,1.0,0.0,0.0,"Epilepsy 4, Autism 1"
SH2D3C,1,0,0.0,0.0,5,5,64,1.0,0.0,0.0,0.0,0.0,0.0,0.0,0.0,0.0,0.0,0.0,0.0,0.0,0.0,0.0,
SHANK2,2,5,0.0,7.012950582074898e-05,7,2,4,0.0,0.0,0.0,0.0,0.0,1.0,1.0,0.0,0.0,0.0,0.0,0.0,0.0,1.0,0.0,Autism 1
SHANK3,0,5,0.0,5.844125485062415e-06,7,157,4,0.0,0.0,0.0,1.0,0.0,1.0,1.0,0.0,0.0,0.0,0.0,0.0,1.0,0.0,0.0,"Epilepsy 3, Autism 1"
SIN3A,11,0,0.016050098511259134,0.0,4,3,109,0.0,0.0,0.0,0.0,0.0,1.0,1.0,0.0,0.0,0.0,0.0,0.0,0.0,1.0,0.0,Autism 1
SKI,1,0,0.0,0.0,4,3,118,0.0,0.0,0.0,0.0,1.0,1.0,0.0,0.0,0.0,0.0,0.0,0.0,0.0,0.0,1.0,Epilepsy 4
SLC22A2,0,6,0.0,0.00022213242677032472,3,62,9,1.0,0.0,0.0,0.0,0.0,0.0,0.0,0.0,0.0,0.0,0.0,0.0,0.0,0.0,0.0,
SLC5A8,0,6,0.0,0.00022213242677032472,3,151,9,1.0,0.0,0.0,0.0,0.0,0.0,0.0,0.0,0.0,0.0,0.0,0.0,0.0,0.0,0.0,
SLC6A1,0,17,0.0,0.017484920513304327,2,63,1,1.0,1.0,0.0,0.0,0.0,1.0,1.0,0.0,0.0,0.0,1.0,1.0,1.0,0.0,0.0,"Epilepsy 1, Autism 1"
SLC6A2,0,3,0.0,0.0,3,101,9,1.0,0.0,0.0,0.0,0.0,0.0,0.0,0.0,0.0,0.0,0.0,0.0,0.0,0.0,0.0,
SLC6A7,0,5,0.0,8.966558244224334e-05,3,64,9,1.0,0.0,0.0,0.0,0.0,0.0,0.0,0.0,0.0,0.0,0.0,0.0,0.0,0.0,0.0,
SLC7A9,0,4,0.0,0.0,3,130,9,1.0,0.0,0.0,0.0,0.0,0.0,0.0,0.0,0.0,0.0,0.0,0.0,0.0,0.0,0.0,
SLC9A1,1,14,0.0,0.024952385401300757,3,8,9,1.0,0.0,0.0,1.0,0.0,0.0,0.0,0.0,0.0,0.0,0.0,0.0,0.0,0.0,1.0,Epilepsy 3
SMARCC2,5,2,0.002399312042703504,0.0,1,1,5,0.0,0.0,0.0,0.0,0.0,1.0,1.0,0.0,0.0,0.0,0.0,0.0,0.0,1.0,0.0,Autism 1
SPAST,0,1,0.0,0.0,17,100,26,1.0,0.0,0.0,0.0,0.0,1.0,1.0,0.0,0.0,0.0,1.0,0.0,0.0,1.0,0.0,Autism 1
SPEN,1,3,0.0,0.0,5,3,7,1.0,0.0,0.0,0.0,0.0,0.0,0.0,1.0,0.0,0.0,0.0,0.0,0.0,1.0,0.0,Autism 2
SRPR,1,0,0.0,0.0,3,13,67,0.0,0.0,0.0,0.0,0.0,1.0,0.0,0.0,0.0,0.0,0.0,0.0,0.0,0.0,0.0,
SRRM2,3,0,0.004831350256045932,0.0,5,5,145,1.0,0.0,0.0,0.0,0.0,0.0,0.0,0.0,0.0,0.0,0.0,0.0,0.0,0.0,0.0,
STIL,1,2,0.0,0.0,8,7,3,1.0,0.0,0.0,0.0,0.0,0.0,0.0,0.0,0.0,0.0,0.0,0.0,0.0,0.0,0.0,
STK39,1,1,0.0,0.0,4,3,28,1.0,0.0,0.0,0.0,0.0,0.0,0.0,0.0,1.0,0.0,0.0,0.0,0.0,1.0,0.0,Autism 3
STOX1,0,0,0.0,0.0,37,45,58,1.0,0.0,0.0,0.0,0.0,0.0,0.0,0.0,0.0,0.0,0.0,0.0,0.0,0.0,0.0,
STXBP1,4,5,0.016469356172007073,1.0129817507441519e-05,2,6,1,0.0,1.0,0.0,0.0,0.0,1.0,1.0,0.0,0.0,0.0,0.0,1.0,1.0,0.0,0.0,"Epilepsy 1, Autism 1"
SYNE2,0,0,0.0,0.0,74,122,119,1.0,0.0,0.0,0.0,0.0,0.0,0.0,0.0,0.0,0.0,0.0,0.0,0.0,0.0,0.0,
SYNGAP1,2,5,0.0,5.407799374186715e-06,2,2,1,1.0,0.0,0.0,1.0,0.0,1.0,1.0,0.0,0.0,0.0,1.0,0.0,1.0,0.0,0.0,"Epilepsy 3, Autism 1"
TAOK1,3,0,0.00936956171656251,0.0,5,5,43,0.0,0.0,0.0,0.0,0.0,1.0,1.0,0.0,0.0,0.0,0.0,0.0,0.0,1.0,0.0,Autism 1
TBL1XR1,7,2,0.003428913204779955,0.0,1,1,8,0.0,0.0,0.0,0.0,1.0,1.0,0.0,1.0,0.0,0.0,0.0,0.0,1.0,0.0,0.0,"Epilepsy 4, Autism 2"
TBR1,2,1,0.0029220627425312075,0.0,4,2,29,0.0,0.0,0.0,0.0,0.0,1.0,1.0,0.0,0.0,0.0,0.0,0.0,0.0,1.0,0.0,Autism 1
TCF20,0,1,0.0,0.0,21,163,32,0.0,0.0,0.0,0.0,0.0,1.0,1.0,0.0,0.0,0.0,0.0,0.0,0.0,1.0,0.0,Autism 1
TCF4,5,0,0.00018196478952832548,0.0,1,1,122,0.0,0.0,0.0,1.0,0.0,1.0,1.0,0.0,0.0,0.0,0.0,0.0,1.0,0.0,0.0,"Epilepsy 3, Autism 1"
TCF7L2,7,6,0.0006542568139306979,0.0013594598255696373,1,1,2,0.0,0.0,0.0,0.0,0.0,1.0,0.0,1.0,0.0,0.0,0.0,0.0,0.0,1.0,0.0,Autism 2
TCTE1,0,0,0.0,0.0,71,117,114,1.0,0.0,0.0,0.0,0.0,0.0,0.0,0.0,0.0,0.0,0.0,0.0,0.0,0.0,0.0,
TECR,0,3,0.0,0.00036895912229027375,4,53,3,1.0,0.0,0.0,0.0,0.0,0.0,0.0,0.0,0.0,0.0,0.0,0.0,0.0,0.0,0.0,
TEK,0,3,0.0,0.00205713217074197,3,74,2,0.0,0.0,0.0,0.0,0.0,1.0,0.0,0.0,0.0,0.0,0.0,0.0,0.0,0.0,0.0,
TFB2M,0,2,0.0,0.0,6,108,16,1.0,0.0,0.0,0.0,0.0,0.0,0.0,0.0,0.0,0.0,0.0,0.0,0.0,0.0,0.0,
TFIP11,2,0,0.0,0.0,5,5,85,1.0,0.0,0.0,0.0,0.0,0.0,0.0,0.0,0.0,0.0,0.0,0.0,0.0,0.0,0.0,
THSD7A,0,0,0.0,0.0,50,73,80,1.0,0.0,0.0,0.0,0.0,0.0,0.0,0.0,0.0,0.0,0.0,0.0,0.0,0.0,0.0,
TLK2,0,0,0.0,0.0,32,37,52,0.0,0.0,0.0,0.0,0.0,1.0,1.0,0.0,0.0,0.0,0.0,0.0,0.0,1.0,0.0,Autism 1
TM9SF4,0,0,0.0,0.0,63,91,96,0.0,0.0,0.0,0.0,0.0,1.0,0.0,0.0,0.0,0.0,0.0,0.0,0.0,0.0,0.0,
TNPO1,0,3,0.0,1.168825097012483e-05,6,150,16,1.0,0.0,0.0,0.0,0.0,0.0,0.0,0.0,0.0,0.0,0.0,0.0,0.0,0.0,0.0,
TOM1L2,1,0,0.0,0.0,4,3,88,1.0,0.0,0.0,0.0,0.0,0.0,0.0,0.0,0.0,0.0,0.0,0.0,0.0,0.0,0.0,
TOR1A,0,1,0.0,0.0,2,134,1,1.0,0.0,0.0,0.0,1.0,0.0,0.0,0.0,0.0,0.0,0.0,0.0,0.0,0.0,1.0,Epilepsy 4
TRAF7,4,0,0.0,0.0,10,10,42,0.0,0.0,0.0,0.0,0.0,1.0,0.0,0.0,1.0,1.0,0.0,0.0,0.0,1.0,0.0,"Autism 3, Autism S"
TRIM23,0,2,0.0,0.0,13,97,12,0.0,0.0,0.0,0.0,0.0,1.0,0.0,0.0,0.0,0.0,0.0,0.0,0.0,0.0,0.0,
TRIM3,0,3,0.0,9.350600776099864e-05,13,111,12,1.0,0.0,0.0,0.0,0.0,0.0,0.0,0.0,0.0,0.0,0.0,0.0,0.0,0.0,0.0,
TRIOBP,0,1,0.0,0.0,18,139,31,1.0,0.0,0.0,0.0,0.0,0.0,0.0,0.0,0.0,0.0,0.0,0.0,0.0,0.0,0.0,
TRIP12,6,0,0.014336706599668868,0.0,10,10,56,0.0,0.0,0.0,0.0,0.0,1.0,1.0,0.0,0.0,0.0,0.0,0.0,0.0,1.0,0.0,Autism 1
TRMT61B,0,0,0.0,0.0,51,75,81,1.0,0.0,0.0,0.0,0.0,0.0,0.0,0.0,0.0,0.0,0.0,0.0,0.0,0.0,0.0,
TRPM6,0,0,0.0,0.0,30,34,47,1.0,0.0,0.0,1.0,0.0,0.0,0.0,0.0,0.0,0.0,0.0,0.0,0.0,0.0,1.0,Epilepsy 3
TSC1,2,1,0.00019278361650609062,0.0,1,4,33,1.0,0.0,1.0,0.0,0.0,0.0,1.0,0.0,0.0,0.0,0.0,0.0,1.0,0.0,0.0,"Epilepsy 2, Autism 1"
TSPAN11,0,0,0.0,0.0,53,77,83,1.0,0.0,0.0,0.0,0.0,0.0,0.0,0.0,0.0,0.0,0.0,0.0,0.0,0.0,0.0,
TYR,0,1,0.0,0.0,15,116,14,1.0,0.0,0.0,0.0,0.0,0.0,0.0,0.0,0.0,0.0,0.0,0.0,0.0,0.0,0.0,
UBR1,5,0,0.0029220627425312075,0.0,10,10,108,0.0,0.0,0.0,0.0,0.0,1.0,0.0,0.0,0.0,0.0,0.0,0.0,0.0,0.0,0.0,
UNC13D,2,0,0.0,0.0,6,7,147,1.0,0.0,0.0,0.0,0.0,0.0,0.0,0.0,0.0,0.0,0.0,0.0,0.0,0.0,0.0,
UNC79,0,0,0.0,0.0,78,127,125,1.0,0.0,0.0,0.0,0.0,0.0,0.0,1.0,0.0,0.0,0.0,0.0,0.0,1.0,0.0,Autism 2
VEZF1,0,7,0.0,1.7532376455187245e-05,9,49,6,0.0,0.0,0.0,0.0,0.0,1.0,0.0,0.0,0.0,0.0,0.0,0.0,0.0,0.0,0.0,
WAC,0,1,0.0,0.0,21,40,32,0.0,0.0,0.0,0.0,0.0,1.0,1.0,0.0,0.0,0.0,0.0,0.0,0.0,1.0,0.0,Autism 1
WDR35,0,4,0.0,7.792167313416552e-06,12,114,8,1.0,0.0,0.0,0.0,0.0,0.0,0.0,0.0,0.0,0.0,0.0,0.0,0.0,0.0,0.0,
WDR59,1,5,0.0,4.285692022379104e-05,12,16,8,1.0,0.0,0.0,0.0,0.0,0.0,0.0,0.0,0.0,0.0,0.0,0.0,0.0,0.0,0.0,
ZMYND8,0,3,0.0,0.0,6,32,15,0.0,0.0,0.0,0.0,1.0,1.0,0.0,0.0,0.0,0.0,0.0,0.0,0.0,0.0,1.0,Epilepsy 4
ZNF226,0,7,0.0,1.7532376455187245e-05,9,109,6,1.0,0.0,0.0,0.0,0.0,0.0,0.0,0.0,0.0,0.0,0.0,0.0,0.0,0.0,0.0,
ZNF282,0,8,0.0,0.0024136238253307774,9,155,6,1.0,0.0,0.0,0.0,0.0,0.0,0.0,0.0,0.0,0.0,0.0,0.0,0.0,0.0,0.0,
ZNF30,0,7,0.0,0.0014376548693253541,9,161,6,1.0,0.0,0.0,0.0,0.0,0.0,0.0,0.0,0.0,0.0,0.0,0.0,0.0,0.0,0.0,
ZNF416,0,6,0.0,0.0,9,164,6,1.0,0.0,0.0,0.0,0.0,0.0,0.0,0.0,0.0,0.0,0.0,0.0,0.0,0.0,0.0,
ZNF587,0,7,0.0,0.0014376548693253541,9,57,6,1.0,0.0,0.0,0.0,0.0,0.0,0.0,0.0,0.0,0.0,0.0,0.0,0.0,0.0,0.0,
ZNF668,0,8,0.0,0.0024136238253307774,9,153,6,1.0,0.0,0.0,0.0,0.0,0.0,0.0,0.0,0.0,0.0,0.0,0.0,0.0,0.0,0.0,
